boro_nm,addr_pct_cd,latitude,longitude
QUEENS,109,40.761012,-73.819819
QUEENS,115,40.75550492,-73.86815009
QUEENS,111,40.752927,-73.791846
BROOKLYN,81,40.6894642952604,-73.9240290899499
BROOKLYN,75,40.676377,-73.898024
QUEENS,113,40.701245,-73.755744
BRONX,44,40.834952,-73.921752
MANHATTAN,23,40.793277,-73.948707
MANHATTAN,5,40.722667,-73.995988
STATEN ISLAND,122,40.589051,-74.101789
MANHATTAN,17,40.749888,-73.978246
MANHATTAN,1,40.710038,-74.01146
QUEENS,114,40.766954,-73.899062
STATEN ISLAND,123,40.510234,-74.24314
QUEENS,103,40.707029,-73.790274
BROOKLYN,67,40.664697,-73.925466
QUEENS,103,40.70123765,-73.79464101
BRONX,41,40.82018895,-73.89067524
MANHATTAN,13,40.742237,-73.991191
BROOKLYN,67,40.637626,-73.945249
BRONX,50,40.88321,-73.895917
STATEN ISLAND,122,40.588825,-74.086299
MANHATTAN,28,40.81025,-73.949261
BRONX,41,40.810548,-73.884004
BROOKLYN,77,40.670363,-73.926798
BRONX,47,40.887642,-73.852104
BROOKLYN,61,40.601883,-73.932644
BRONX,49,40.866672,-73.865364
QUEENS,110,40.744646,-73.861748
BRONX,52,40.862376,-73.89651
QUEENS,104,40.719145,-73.890899
MANHATTAN,1,40.706589,-74.015575
MANHATTAN,33,40.833953,-73.946566
BRONX,42,40.826188,-73.909738
BROOKLYN,75,40.676046,-73.872073
STATEN ISLAND,121,40.624547,-74.136684
MANHATTAN,7,40.716774,-73.985764
MANHATTAN,25,40.802742,-73.937572
QUEENS,108,40.736367,-73.901868
QUEENS,108,40.746705,-73.943472
STATEN ISLAND,120,40.630548,-74.076643
QUEENS,116,40.68011759,-73.75323687
MANHATTAN,20,40.778794,-73.98205472
BROOKLYN,79,40.689622,-73.960149
MANHATTAN,25,40.795581,-73.932296
BRONX,41,40.822084,-73.890329
MANHATTAN,25,40.804042,-73.935569
BROOKLYN,62,40.604917,-73.997943
BRONX,47,40.885457,-73.844889
BRONX,42,40.824452,-73.912439
QUEENS,110,40.760025,-73.854677
STATEN ISLAND,123,40.553098,-74.213706
QUEENS,103,40.7072398161698,-73.7927267255908
BRONX,49,40.848035,-73.84971
BRONX,52,40.875247,-73.88513
BRONX,48,40.853083,-73.885003
BRONX,40,40.807841,-73.921957
BROOKLYN,68,40.639501,-74.028124
QUEENS,114,40.773778,-73.924709
MANHATTAN,18,40.763321,-73.973718
BRONX,47,40.871814,-73.864259
BROOKLYN,73,40.678511,-73.914932
BRONX,43,40.834571,-73.84534
QUEENS,105,40.737245,-73.708771
MANHATTAN,19,40.771078,-73.956712
MANHATTAN,19,40.78057,-73.948237
BROOKLYN,75,40.664417,-73.891023
BROOKLYN,60,40.57226,-73.999057
QUEENS,109,40.754234,-73.820038
QUEENS,104,40.700505,-73.900765
QUEENS,109,40.768719,-73.794826
BROOKLYN,63,40.618135,-73.899242
MANHATTAN,13,40.740819,-73.974239
MANHATTAN,32,40.812516,-73.942028
BRONX,44,40.82066,-73.926291
MANHATTAN,34,40.86159271,-73.92474206
QUEENS,107,40.735514,-73.795681
QUEENS,110,40.74585,-73.876683
BRONX,41,40.82393664,-73.8948712
BROOKLYN,67,40.65630659,-73.91886471
BROOKLYN,75,40.67285815,-73.87130201
MANHATTAN,10,40.753312,-74.000081
QUEENS,103,40.698701,-73.787264
BRONX,47,40.905803,-73.853032
BROOKLYN,94,40.72185,-73.956751
BRONX,43,40.81949779,-73.86061317
BROOKLYN,76,40.672697,-74.011725
QUEENS,112,40.721219,-73.843436
BROOKLYN,73,40.669837,-73.914692
STATEN ISLAND,122,40.5865724,-74.09204956
BROOKLYN,73,40.663054,-73.910972
BROOKLYN,75,40.663874,-73.900012
BRONX,52,40.8701594,-73.8909872
BRONX,46,40.848512,-73.902363
BRONX,45,40.841907,-73.842138
BROOKLYN,60,40.575651,-73.986752
BROOKLYN,61,40.584916,-73.931174
BRONX,49,40.846707,-73.864722
MANHATTAN,33,40.846442,-73.934929
BROOKLYN,94,40.737583,-73.956188
BROOKLYN,90,40.708478,-73.955713
QUEENS,115,40.76234,-73.884704
BROOKLYN,61,40.599998,-73.936002
STATEN ISLAND,120,40.620757,-74.074164
BROOKLYN,75,40.681595,-73.890216
BROOKLYN,94,40.727179,-73.938071
MANHATTAN,13,40.740244,-73.976784
BROOKLYN,72,40.640257,-74.020507
BROOKLYN,75,40.661098,-73.867674
BRONX,47,40.888647,-73.842505
STATEN ISLAND,120,40.628879,-74.07393
BROOKLYN,81,40.67903176,-73.92459115
QUEENS,110,40.737784,-73.873434
BRONX,47,40.883621,-73.85772
MANHATTAN,20,40.77784506,-73.98774178
BROOKLYN,67,40.648106,-73.945397
MANHATTAN,14,40.75613907,-73.98316894
MANHATTAN,30,40.81977,-73.955322
MANHATTAN,14,40.75157717,-73.982275
QUEENS,100,40.577947,-73.839167
BRONX,43,40.828753,-73.866594
QUEENS,103,40.705442,-73.807103
MANHATTAN,10,40.742835,-73.998429
QUEENS,103,40.69933,-73.806123
BROOKLYN,75,40.65037,-73.884459
BROOKLYN,90,40.713258,-73.951956
BROOKLYN,90,40.701318,-73.942213
BROOKLYN,75,40.6713598203364,-73.8818110231735
BRONX,42,40.83319755,-73.89512398
MANHATTAN,13,40.742317,-73.981659
MANHATTAN,24,40.794651,-73.97178272
BROOKLYN,88,40.695868,-73.981893
BROOKLYN,67,40.640296,-73.951357
BROOKLYN,61,40.601565,-73.963685
BROOKLYN,71,40.657196,-73.948802
QUEENS,104,40.723966,-73.9081
QUEENS,102,40.693116,-73.812145
QUEENS,109,40.781007,-73.775491
BROOKLYN,61,40.591865,-73.958338
MANHATTAN,1,40.722559,-74.004109
BROOKLYN,73,40.654949,-73.910893
BRONX,49,40.85201,-73.867786
QUEENS,113,40.68415,-73.778816
BROOKLYN,67,40.653885,-73.954497
QUEENS,100,40.588275,-73.811348
QUEENS,109,40.781678,-73.826703
BRONX,45,40.813913,-73.82784
BROOKLYN,75,40.645984,-73.878716
BROOKLYN,73,40.680927,-73.908646
QUEENS,114,40.752434,-73.914941
QUEENS,109,40.781667,-73.832202
QUEENS,108,40.744964,-73.918813
MANHATTAN,7,40.7185558,-73.98820001
BROOKLYN,83,40.702907,-73.912357
BROOKLYN,63,40.638313,-73.920273
BROOKLYN,88,40.68486,-73.972188
QUEENS,115,40.756299,-73.878397
QUEENS,114,40.754071,-73.934017
BROOKLYN,84,40.695477,-73.985115
QUEENS,113,40.67836481,-73.77947908
BRONX,40,40.817709,-73.923973
BROOKLYN,88,40.69578,-73.979529
BROOKLYN,71,40.661281,-73.932379
BROOKLYN,70,40.62933305,-73.96800141
QUEENS,107,40.71871546,-73.79261026
MANHATTAN,7,40.718684,-73.988608
BRONX,40,40.816674,-73.905109
MANHATTAN,5,40.723487,-73.992849
QUEENS,106,40.690312,-73.81445
QUEENS,110,40.746371,-73.854822
MANHATTAN,7,40.720354,-73.982486
MANHATTAN,10,40.748379,-74.001818
BROOKLYN,75,40.669307,-73.895711
MANHATTAN,10,40.758713,-73.993286
BRONX,47,40.873058,-73.847343
BRONX,50,40.883855,-73.896478
MANHATTAN,25,40.79953,-73.932839
STATEN ISLAND,121,40.607194,-74.148565
QUEENS,113,40.668198,-73.795469
BROOKLYN,78,40.679641,-73.98154
MANHATTAN,14,40.7535327012632,-73.9945368920152
BRONX,41,40.815151,-73.891481
QUEENS,109,40.760691,-73.832898
BRONX,41,40.803914,-73.878308
BROOKLYN,79,40.691527,-73.950119
STATEN ISLAND,121,40.635771,-74.153951
BRONX,46,40.84789,-73.919042
BROOKLYN,90,40.706977,-73.953699
(null),33,40.846364,-73.939258
BRONX,41,40.822278,-73.889406
MANHATTAN,32,40.82234,-73.936709
BRONX,52,40.881623,-73.878308
QUEENS,103,40.70274023,-73.79841611
BRONX,43,40.824816,-73.879246
QUEENS,106,40.683686,-73.806639
BRONX,44,40.844315,-73.90942
BRONX,46,40.84564271,-73.90209813
BROOKLYN,68,40.626118,-74.026999
BRONX,44,40.841194,-73.920786
BROOKLYN,72,40.654762,-74.007226
QUEENS,110,40.740663,-73.856098
BRONX,49,40.847919,-73.856684
BROOKLYN,79,40.680443,-73.950359
BRONX,48,40.844091,-73.892262
BROOKLYN,61,40.607012,-73.964718
MANHATTAN,28,40.808901,-73.950244
BRONX,45,40.846166,-73.831707
BROOKLYN,62,40.609798,-73.994657
MANHATTAN,14,40.750432,-73.989281
BROOKLYN,62,40.607548,-74.009952
BRONX,52,40.86923087,-73.89603614
BRONX,46,40.849456,-73.921728
BROOKLYN,70,40.626421,-73.950194
QUEENS,114,40.770284,-73.912532
BROOKLYN,94,40.714075,-73.950499
BRONX,42,40.842804,-73.897078
QUEENS,107,40.727793,-73.792571
BROOKLYN,68,40.62578046,-74.02415437
MANHATTAN,1,40.72589,-74.003882
STATEN ISLAND,122,40.540559,-74.147489
BROOKLYN,69,40.631568,-73.901961
BROOKLYN,73,40.657323,-73.911965
MANHATTAN,14,40.747881,-73.991041
BRONX,42,40.827615,-73.908947
BROOKLYN,76,40.675511,-74.008376
QUEENS,109,40.75604,-73.828537
BRONX,43,40.828247,-73.870362
MANHATTAN,17,40.758653,-73.96268
QUEENS,110,40.733735,-73.87119
STATEN ISLAND,120,40.614783,-74.083048
STATEN ISLAND,120,40.609634,-74.08985
BROOKLYN,79,40.679241,-73.942187
MANHATTAN,7,40.718678,-73.986246
BROOKLYN,76,40.678402,-73.990668
BROOKLYN,90,40.711147,-73.941266
BROOKLYN,66,40.635953,-73.967834
BROOKLYN,61,40.599891,-73.936955
BRONX,45,40.826468,-73.836818
BRONX,49,40.86516329,-73.84074837
MANHATTAN,32,40.810923,-73.945051
BROOKLYN,67,40.66097,-73.931368
MANHATTAN,34,40.849589,-73.934349
BRONX,49,40.858891,-73.870202
QUEENS,107,40.70771584,-73.80278703
BRONX,46,40.854633,-73.918394
MANHATTAN,28,40.800413,-73.950866
QUEENS,113,40.678349,-73.773851
MANHATTAN,28,40.807776,-73.943384
BRONX,47,40.902772,-73.850946
STATEN ISLAND,121,40.582314,-74.169068
STATEN ISLAND,120,40.642695,-74.083583
BROOKLYN,70,40.645927,-73.961444
MANHATTAN,13,40.739862,-73.986607
MANHATTAN,1,40.72062858,-74.00520932
BROOKLYN,67,40.63878581,-73.94537273
BROOKLYN,72,40.668451,-73.996516
BROOKLYN,69,40.648091,-73.891632
MANHATTAN,30,40.830532,-73.941519
QUEENS,113,40.689847,-73.792446
BROOKLYN,71,40.66627716,-73.93413982
BRONX,43,40.831424,-73.849343
BROOKLYN,90,40.706457,-73.962232
BRONX,43,40.82789,-73.875192
BRONX,52,40.871794,-73.888243
MANHATTAN,9,40.72365033,-73.99102396
MANHATTAN,34,40.871331,-73.915403
BRONX,47,40.875556,-73.845561
QUEENS,107,40.7301130668694,-73.8109089148815
BRONX,40,40.801521,-73.914919
BROOKLYN,73,40.680669,-73.907646
QUEENS,101,40.597697,-73.749065
MANHATTAN,23,40.788854,-73.944257
BROOKLYN,90,40.707131,-73.966612
BROOKLYN,73,40.676841,-73.90904
MANHATTAN,5,40.723636,-73.9983
QUEENS,116,40.676967,-73.755366
BROOKLYN,62,40.614566,-74.000296
MANHATTAN,18,40.75603135,-73.97902527
QUEENS,113,40.67813319,-73.76373558
QUEENS,115,40.758088,-73.857354
MANHATTAN,24,40.79253,-73.967774
BRONX,40,40.811824,-73.9038
BROOKLYN,83,40.69880633,-73.9183658
MANHATTAN,14,40.754614,-73.985619
QUEENS,108,40.742812,-73.924463
BRONX,52,40.867461,-73.886577
QUEENS,103,40.70550353,-73.78884984
BROOKLYN,73,40.672138,-73.911218
BROOKLYN,76,40.678746,-73.993123
BRONX,49,40.858766,-73.864652
BROOKLYN,70,40.655245,-73.95978
QUEENS,114,40.76768,-73.89136
QUEENS,113,40.706141,-73.762626
QUEENS,107,40.722922,-73.779109
BRONX,47,40.893985,-73.855046
BRONX,44,40.834784,-73.916019
MANHATTAN,17,40.754385,-73.96734
BRONX,47,40.896106,-73.857785
QUEENS,103,40.703879,-73.79885
BROOKLYN,69,40.634818,-73.884453
QUEENS,106,40.68623422,-73.82417476
BROOKLYN,68,40.6096712,-74.03508291
BRONX,52,40.861857,-73.912647
BRONX,40,40.81108068,-73.92729539
QUEENS,116,40.660683,-73.768017
MANHATTAN,7,40.710498,-73.986419
MANHATTAN,32,40.81591307653,-73.9451493066481
QUEENS,112,40.711151,-73.85518
BRONX,50,40.875368,-73.911863
BROOKLYN,94,40.715886,-73.959826
BRONX,46,40.853586,-73.900592
QUEENS,109,40.779909,-73.791193
BRONX,49,40.855575,-73.864778
STATEN ISLAND,120,40.619067,-74.090447
MANHATTAN,26,40.818161,-73.958356
MANHATTAN,34,40.858951,-73.93255
BRONX,52,40.873953,-73.908789
BRONX,40,40.818379,-73.929484
BRONX,45,40.863808,-73.825117
MANHATTAN,1,40.71675,-74.014661
BROOKLYN,94,40.716641,-73.939231
BROOKLYN,68,40.622153,-74.027284
MANHATTAN,25,40.795538,-73.934285
QUEENS,105,40.70251906,-73.74502466
BRONX,46,40.857422,-73.902347
QUEENS,101,40.606132,-73.752727
MANHATTAN,32,40.81698,-73.938766
BRONX,44,40.828334,-73.911916
BRONX,46,40.859384,-73.897105
QUEENS,107,40.725185,-73.760472
QUEENS,106,40.682398279333,-73.8400721577516
BRONX,40,40.817356,-73.909331
MANHATTAN,5,40.71664598,-73.99580825
MANHATTAN,32,40.824791,-73.938639
BRONX,52,40.865338,-73.90567
QUEENS,109,40.777582,-73.839841
QUEENS,108,40.751376,-73.944943
QUEENS,107,40.726904,-73.811993
BRONX,41,40.8162058439227,-73.8960011932583
BROOKLYN,77,40.676052,-73.934612
BROOKLYN,62,40.611827,-73.999527
BROOKLYN,63,40.624701,-73.927493
MANHATTAN,18,40.756978,-73.978342
BRONX,48,40.839859,-73.874606
BRONX,42,40.835941,-73.886465
BRONX,44,40.838071,-73.918201
MANHATTAN,14,40.75723226,-73.98979219
STATEN ISLAND,123,40.54242,-74.165072
BRONX,49,40.858746,-73.865615
BRONX,40,40.807192,-73.918357
BROOKLYN,69,40.644894,-73.913119
MANHATTAN,33,40.84105164,-73.94467898
BROOKLYN,67,40.641991,-73.93178
BRONX,50,40.88924,-73.915532
BROOKLYN,67,40.637804,-73.942377
MANHATTAN,14,40.75784,-73.991213
BROOKLYN,70,40.631293,-73.945566
BRONX,47,40.89341145,-73.85736207
BROOKLYN,61,40.607282,-73.958004
QUEENS,110,40.748279,-73.877881
MANHATTAN,13,40.739773,-73.992985
BROOKLYN,68,40.636632,-74.024192
BRONX,40,40.80957585,-73.91804932
MANHATTAN,14,40.75152348,-73.9939473
BRONX,42,40.824536,-73.901755
QUEENS,111,40.75829547,-73.77116861
STATEN ISLAND,122,40.563437,-74.110816
MANHATTAN,33,40.837576,-73.945469
BROOKLYN,67,40.655134,-73.934162
QUEENS,108,40.744691,-73.956925
QUEENS,115,40.757509,-73.877193
MANHATTAN,24,40.79639,-73.964959
MANHATTAN,13,40.73135114,-73.9825546
MANHATTAN,9,40.72869,-73.986055
BROOKLYN,90,40.71329,-73.964789
BRONX,47,40.873221,-73.866698
MANHATTAN,6,40.731541,-73.99588
QUEENS,110,40.74249515,-73.87335801
MANHATTAN,25,40.808003,-73.940056
BROOKLYN,67,40.6488507469884,-73.951016510623
MANHATTAN,14,40.75656807,-73.99027596
BRONX,47,40.888949,-73.849686
QUEENS,105,40.7285852,-73.74458938
QUEENS,109,40.761318,-73.823249
QUEENS,106,40.665718,-73.854616
MANHATTAN,14,40.748507,-73.990587
BROOKLYN,63,40.630922,-73.937844
BRONX,41,40.824119,-73.890504
STATEN ISLAND,121,40.58856,-74.16079
QUEENS,113,40.672712,-73.773677
QUEENS,104,40.703042,-73.90746
BRONX,40,40.806419,-73.926464
MANHATTAN,6,40.731643,-74.006245
BRONX,47,40.900646,-73.851449
MANHATTAN,19,40.780235,-73.945476
MANHATTAN,33,40.842254,-73.940675
MANHATTAN,25,40.810524,-73.938214
BROOKLYN,63,40.610338,-73.936957
BRONX,47,40.882847,-73.848057
MANHATTAN,10,40.748139,-73.996423
BROOKLYN,73,40.664869,-73.904191
QUEENS,110,40.748008,-73.867723
BROOKLYN,75,40.684921,-73.871998
BRONX,41,40.820824,-73.899398
BRONX,40,40.809844,-73.927976
QUEENS,106,40.67433,-73.838374
QUEENS,116,40.65573,-73.730758
BRONX,48,40.843486,-73.883713
QUEENS,115,40.751155,-73.857301
MANHATTAN,32,40.82095,-73.941445
MANHATTAN,14,40.75144155,-73.9760491
QUEENS,102,40.68814942,-73.8488335
QUEENS,109,40.7619,-73.826039
BRONX,45,40.845165,-73.788916
BRONX,48,40.84443,-73.882907
BRONX,41,40.821017,-73.901071
BROOKLYN,62,40.605746,-74.003047
BROOKLYN,79,40.686115,-73.958062
QUEENS,114,40.756274,-73.945014
MANHATTAN,23,40.796342,-73.941199
BROOKLYN,79,40.685843,-73.950664
BROOKLYN,79,40.6811367,-73.9556676
STATEN ISLAND,121,40.630214,-74.151449
QUEENS,102,40.69826939,-73.83484311
QUEENS,114,40.760956,-73.93224
STATEN ISLAND,120,40.62436607,-74.08032194
BROOKLYN,83,40.689586,-73.90617
BROOKLYN,90,40.710646,-73.923062
BROOKLYN,66,40.62844538,-73.99633617
BROOKLYN,68,40.617619,-74.033452
BRONX,42,40.824267,-73.909296
QUEENS,112,40.725991,-73.853129
BRONX,46,40.8535983673823,-73.9005768807295
BRONX,48,40.839312,-73.875095
BRONX,44,40.837932,-73.915847
BRONX,47,40.882915,-73.864801
BROOKLYN,77,40.674852,-73.926993
BRONX,42,40.836559,-73.902441
MANHATTAN,18,40.759484,-73.976518
BRONX,44,40.83872163,-73.91377061
BRONX,47,40.883604,-73.827159
MANHATTAN,114,40.769762,-73.941045
BRONX,48,40.85071333,-73.89407343
BRONX,50,40.88525,-73.907727
BRONX,44,40.825314,-73.922008
BRONX,52,40.875497,-73.88149
BROOKLYN,73,40.658583,-73.914215
BRONX,48,40.851408,-73.885085
BRONX,45,40.837162,-73.846245
QUEENS,115,40.77204822,-73.87622259
BROOKLYN,60,40.57741077,-73.96236374
BRONX,46,40.85131846,-73.90841181
QUEENS,110,40.742561,-73.852191
QUEENS,101,40.598491,-73.743892
QUEENS,105,40.714053,-73.742812
BROOKLYN,60,40.5766459780433,-73.9764803960699
QUEENS,106,40.661694,-73.840498
MANHATTAN,34,40.861639,-73.927966
MANHATTAN,19,40.7669956423899,-73.9639223035387
BROOKLYN,73,40.653393,-73.908495
BRONX,44,40.835572,-73.909679
QUEENS,114,40.775444,-73.933004
BRONX,48,40.848177,-73.894367
BRONX,48,40.852129,-73.885965
QUEENS,110,40.737037,-73.86449
QUEENS,101,40.6027762300781,-73.7501173648331
BROOKLYN,77,40.671774,-73.928057
BROOKLYN,84,40.701324,-73.98185
QUEENS,109,40.759332,-73.818963
BROOKLYN,68,40.624673,-74.020786
QUEENS,114,40.773507,-73.929435
MANHATTAN,26,40.817104,-73.960788
MANHATTAN,13,40.741506,-73.979738
BRONX,48,40.855019,-73.883075
BRONX,40,40.81895439,-73.91403106
QUEENS,101,40.598412,-73.755252
QUEENS,111,40.752177,-73.750629
MANHATTAN,7,40.718111,-73.979705
BROOKLYN,83,40.695764,-73.912986
BROOKLYN,83,40.697341,-73.927147
BROOKLYN,71,40.662494,-73.935906
BROOKLYN,78,40.682632,-73.977891
BROOKLYN,71,40.656281,-73.936203
BROOKLYN,81,40.696846,-73.936508
BROOKLYN,81,40.68642745,-73.93573528
BROOKLYN,84,40.690435,-73.98477
MANHATTAN,18,40.76022,-73.9802
BROOKLYN,60,40.576715,-73.96129
BROOKLYN,66,40.63041,-73.995788
BROOKLYN,70,40.653675,-73.962788
QUEENS,103,40.70837971,-73.79167576
QUEENS,112,40.723637,-73.848722
MANHATTAN,5,40.72205,-73.998508
MANHATTAN,17,40.743524,-73.972871
BROOKLYN,67,40.644687,-73.950833
BROOKLYN,76,40.675776,-74.016959
QUEENS,113,40.689218,-73.79145
QUEENS,104,40.701306,-73.888609
BROOKLYN,76,40.68965952,-74.00046876
BROOKLYN,71,40.655673,-73.953008
BRONX,47,40.87695365,-73.83815635
BROOKLYN,70,40.621399,-73.962569
STATEN ISLAND,120,40.62854353,-74.07646859
MANHATTAN,13,40.740579,-73.990295
BROOKLYN,77,40.677163,-73.95744
BRONX,42,40.83221671,-73.90343324
BRONX,40,40.80049,-73.912526
MANHATTAN,18,40.756326,-73.977764
BROOKLYN,81,40.693592,-73.938658
QUEENS,103,40.69872,-73.806713
QUEENS,112,40.72399,-73.855659
QUEENS,104,40.707394,-73.899113
QUEENS,101,40.595214,-73.782726
BROOKLYN,70,40.632241,-73.947623
BROOKLYN,60,40.575285,-73.996969
BROOKLYN,84,40.690867,-73.985849
QUEENS,100,40.58788,-73.808576
QUEENS,112,40.721111,-73.850989
QUEENS,109,40.75631941,-73.83367769
BROOKLYN,66,40.640097,-73.970042
QUEENS,110,40.74681219,-73.89175204
BROOKLYN,81,40.682317,-73.922609
BRONX,45,40.8307223277672,-73.8271260588639
QUEENS,113,40.679803,-73.776797
BROOKLYN,63,40.630005,-73.944675
QUEENS,101,40.593592,-73.776737
BROOKLYN,68,40.622892,-74.023868
STATEN ISLAND,120,40.644004,-74.076504
BRONX,43,40.832765,-73.85589
MANHATTAN,13,40.744353,-73.986498
QUEENS,116,40.67581378,-73.73954597
MANHATTAN,24,40.793463,-73.96895
BROOKLYN,71,40.66818,-73.961903
BRONX,44,40.834493,-73.926574
MANHATTAN,23,40.788459,-73.939373
MANHATTAN,23,40.788822,-73.942209
BRONX,42,40.830612,-73.907281
STATEN ISLAND,120,40.616417,-74.079356
MANHATTAN,23,40.792592,-73.946033
BRONX,42,40.828274,-73.911002
BROOKLYN,67,40.65163,-73.951117
QUEENS,113,40.691768,-73.763133
BROOKLYN,73,40.6768335,-73.909039
BROOKLYN,88,40.689571,-73.971641
BROOKLYN,62,40.59997625,-74.00664393
MANHATTAN,20,40.782814,-73.978576
QUEENS,110,40.74753561,-73.88485401
QUEENS,113,40.66524878,-73.78894843
QUEENS,110,40.746939,-73.856811
MANHATTAN,7,40.716083,-73.98713
MANHATTAN,32,40.813352,-73.946996
QUEENS,110,40.75226,-73.853581
BROOKLYN,77,40.674601,-73.938613
QUEENS,103,40.705305,-73.80948
BROOKLYN,63,40.613593,-73.926847
QUEENS,108,40.746065,-73.920966
BRONX,48,40.848743,-73.891984
BROOKLYN,69,40.641998,-73.892338
BRONX,50,40.910818,-73.896621
MANHATTAN,34,40.864137,-73.91918
BRONX,48,40.85441,-73.882331
BRONX,42,40.82822462,-73.9086062
BROOKLYN,60,40.577208,-73.99029
BROOKLYN,72,40.645237,-74.012033
MANHATTAN,34,40.85668,-73.930974
QUEENS,116,40.664167,-73.751682
BRONX,45,40.812631,-73.824687
BRONX,42,40.824987,-73.908028
QUEENS,105,40.71220326,-73.73437905
BROOKLYN,88,40.694189,-73.981348
BRONX,46,40.860716,-73.899249
BROOKLYN,83,40.70110374,-73.92238425
BRONX,40,40.814191,-73.923568
BRONX,45,40.818444,-73.82108
BROOKLYN,62,40.594978,-74.001063
BRONX,43,40.832649,-73.877258
BROOKLYN,75,40.660083,-73.875596
BRONX,40,40.812324,-73.908421
MANHATTAN,19,40.77785,-73.955747
BRONX,52,40.876453,-73.886934
BROOKLYN,90,40.703413,-73.964744
BROOKLYN,62,40.621162,-73.988137
MANHATTAN,13,40.739572,-73.995234
MANHATTAN,32,40.815935,-73.935316
MANHATTAN,23,40.786754,-73.94216
BROOKLYN,63,40.6281697437036,-73.9413587834752
BROOKLYN,75,40.675984,-73.890221
QUEENS,101,40.602282,-73.751152
QUEENS,107,40.712832,-73.783094
BRONX,43,40.81923,-73.846499
BROOKLYN,60,40.577583,-73.955511
BROOKLYN,73,40.666495,-73.92162
QUEENS,115,40.76325924,-73.86850655
BROOKLYN,81,40.680222,-73.91806
BROOKLYN,61,40.607421,-73.941359
QUEENS,104,40.722812,-73.904569
QUEENS,114,40.75253099,-73.94383574
BROOKLYN,71,40.66768127,-73.96180815
BROOKLYN,71,40.65811959,-73.9339965
BRONX,47,40.877335,-73.858031
QUEENS,106,40.6678948,-73.84203044
BROOKLYN,72,40.640704,-74.011321
BRONX,50,40.879074,-73.90157
BRONX,40,40.8201866,-73.92148663
QUEENS,103,40.698849,-73.805288
MANHATTAN,18,40.768702,-73.992579
QUEENS,108,40.743654,-73.922876
BRONX,52,40.86413235,-73.89131161
BROOKLYN,75,40.663307,-73.898487
BROOKLYN,67,40.65427108,-73.91658947
QUEENS,116,40.67646,-73.739206
BROOKLYN,73,40.655924,-73.904337
BRONX,48,40.857069,-73.883261
MANHATTAN,6,40.738455,-74.006467
MANHATTAN,18,40.764256,-73.973872
QUEENS,103,40.694593,-73.793474
MANHATTAN,18,40.76365785,-73.97346363
BROOKLYN,77,40.670667,-73.932339
QUEENS,103,40.70093904,-73.80604572
BRONX,48,40.855236,-73.88114
BROOKLYN,73,40.674559,-73.907295
MANHATTAN,13,40.740359,-73.992554
BRONX,41,40.820146,-73.892279
BROOKLYN,84,40.70152714,-73.98674959
QUEENS,106,40.67605,-73.818666
BROOKLYN,68,40.629148,-74.003618
BROOKLYN,66,40.637901,-73.993846
MANHATTAN,26,40.81777,-73.955494
BROOKLYN,72,40.636748,-74.010055
BRONX,40,40.816171,-73.930316
QUEENS,114,40.7694951184418,-73.9150241703895
BRONX,47,40.893219,-73.859177
STATEN ISLAND,123,40.538872,-74.204683
QUEENS,102,40.690459,-73.829108
BRONX,40,40.818035,-73.916027
QUEENS,104,40.700834,-73.881491
QUEENS,110,40.74234862,-73.8699408
BRONX,49,40.865468,-73.865873
QUEENS,113,40.694659,-73.779099
MANHATTAN,18,40.762841,-73.991284
BROOKLYN,70,40.640854,-73.958207
BROOKLYN,75,40.671634,-73.87443
QUEENS,103,40.70329332,-73.79609176
QUEENS,106,40.683642,-73.840209
BRONX,46,40.851555,-73.922934
BROOKLYN,72,40.645267,-74.022718
BRONX,45,40.86203222,-73.80213781
BROOKLYN,67,40.652574,-73.951217
QUEENS,112,40.720771,-73.846431
BRONX,44,40.833088,-73.916306
STATEN ISLAND,120,40.632174,-74.121063
BRONX,46,40.850289,-73.899418
MANHATTAN,33,40.839531,-73.940889
BROOKLYN,71,40.656923,-73.939647
MANHATTAN,7,40.711953,-73.989854
BROOKLYN,90,40.701736,-73.937674
BROOKLYN,73,40.65509,-73.909933
MANHATTAN,9,40.723588,-73.97767
QUEENS,114,40.762535,-73.93334
MANHATTAN,1,40.724828,-73.998967
MANHATTAN,18,40.761103,-73.977445
BROOKLYN,75,40.651821,-73.881429
QUEENS,112,40.728169,-73.858349
STATEN ISLAND,120,40.625612,-74.128986
BRONX,40,40.807916,-73.919011
BROOKLYN,83,40.70267548,-73.93395238
MANHATTAN,32,40.814448,-73.940614
BROOKLYN,61,40.589347,-73.951695
QUEENS,105,40.717954,-73.754878
BROOKLYN,71,40.669034,-73.935274
BROOKLYN,67,40.658158,-73.918181
MANHATTAN,30,40.823462,-73.943385
MANHATTAN,9,40.72634,-73.995453
BROOKLYN,70,40.647439,-73.958789
QUEENS,106,40.678649,-73.860309
MANHATTAN,18,40.76052466,-73.97997322
BROOKLYN,76,40.686751,-74.001875
MANHATTAN,33,40.83719396,-73.93669188
QUEENS,115,40.758777,-73.862992
BROOKLYN,67,40.646724,-73.953405
BRONX,47,40.885961,-73.848135
QUEENS,101,40.595024,-73.785406
BRONX,50,40.880352,-73.904325
BRONX,44,40.843122,-73.905912
MANHATTAN,28,40.80984,-73.951416
MANHATTAN,9,40.72949,-73.98703
QUEENS,108,40.749887,-73.944115
QUEENS,104,40.71038,-73.90492
BROOKLYN,75,40.663044,-73.891595
BROOKLYN,70,40.651391,-73.960201
BRONX,47,40.88315,-73.843366
BRONX,41,40.821567,-73.896887
BROOKLYN,88,40.684645,-73.974102
BROOKLYN,67,40.651575,-73.921694
QUEENS,103,40.705617,-73.792092
STATEN ISLAND,122,40.543894,-74.163739
BRONX,44,40.824288,-73.926836
BROOKLYN,94,40.726275,-73.952212
BRONX,47,40.89262,-73.844986
QUEENS,103,40.7063611,-73.79252607
STATEN ISLAND,120,40.618473,-74.087199
BROOKLYN,70,40.65488239,-73.96188035
BRONX,48,40.849807,-73.88312
MANHATTAN,18,40.762039,-73.98258
BRONX,46,40.84543488,-73.9170871
STATEN ISLAND,121,40.63602442,-74.13477006
STATEN ISLAND,122,40.59856677,-74.08170249
QUEENS,108,40.742793,-73.91545
QUEENS,108,40.74933671,-73.90669693
BROOKLYN,84,40.689452,-73.987229
BROOKLYN,84,40.688605,-73.985073
BROOKLYN,73,40.681263,-73.915505
BRONX,44,40.84329727,-73.91780899
MANHATTAN,18,40.76552011,-73.9800367
QUEENS,109,40.748673,-73.818654
BRONX,45,40.843057,-73.8464
BRONX,48,40.852842,-73.884173
BROOKLYN,83,40.697737,-73.928569
BROOKLYN,84,40.690123,-73.98902
BROOKLYN,77,40.6744956865259,-73.9305713255961
STATEN ISLAND,121,40.607605,-74.121046
BROOKLYN,83,40.700897,-73.922009
QUEENS,116,40.6837337,-73.75125844
QUEENS,112,40.710507,-73.844551
BROOKLYN,88,40.695076,-73.975117
BROOKLYN,73,40.666395,-73.904582
BRONX,47,40.88385115,-73.83434592
BRONX,41,40.823544,-73.894878
QUEENS,105,40.71616548,-73.74475602
QUEENS,106,40.68221,-73.836568
BROOKLYN,72,40.640493,-74.007952
QUEENS,112,40.726778,-73.853195
BROOKLYN,75,40.666979,-73.870777
QUEENS,115,40.75854946,-73.89252708
BROOKLYN,68,40.621579,-74.007903
BROOKLYN,75,40.649939,-73.870708
BRONX,43,40.824538,-73.850892
BROOKLYN,84,40.689422,-73.991537
MANHATTAN,28,40.808381,-73.946906
QUEENS,111,40.75887,-73.767056
BROOKLYN,75,40.65694592,-73.88081156
BRONX,45,40.841742,-73.834694
BROOKLYN,73,40.662769,-73.90753
BROOKLYN,84,40.698499,-73.986566
BRONX,44,40.84288141,-73.90864028
QUEENS,101,40.596236,-73.754125
BRONX,48,40.845081,-73.89265
BRONX,50,40.8859548,-73.89661395
BROOKLYN,66,40.626371,-73.988342
BROOKLYN,62,40.622886,-73.994006
QUEENS,113,40.667785,-73.780852
MANHATTAN,14,40.759139,-73.990265
BROOKLYN,73,40.659559,-73.913015
BROOKLYN,73,40.664449,-73.91232
QUEENS,111,40.75128374,-73.74929182
QUEENS,114,40.757147,-73.946545
STATEN ISLAND,121,40.637418,-74.169715
MANHATTAN,10,40.7508292,-74.001884
BROOKLYN,62,40.598863,-73.99103
STATEN ISLAND,120,40.617789,-74.08110287
BROOKLYN,83,40.689535,-73.916176
QUEENS,107,40.71422982,-73.81645359
QUEENS,105,40.730976,-73.733468
BROOKLYN,69,40.65115,-73.895039
QUEENS,107,40.71233203,-73.78858292
QUEENS,111,40.75868016,-73.77557106
MANHATTAN,1,40.709141,-74.00686
BRONX,45,40.841697,-73.852274
MANHATTAN,1,40.70854,-74.001381
MANHATTAN,18,40.771621,-73.992395
MANHATTAN,33,40.841624,-73.941024
BRONX,42,40.823047,-73.909949
BRONX,52,40.87972,-73.876965
BROOKLYN,81,40.694065,-73.931276
QUEENS,100,40.581749,-73.83883
QUEENS,109,40.7623158004241,-73.8274480018593
QUEENS,103,40.69294,-73.798015
BRONX,44,40.844528,-73.913473
BROOKLYN,75,40.65766426,-73.89704344
BROOKLYN,60,40.573554,-73.98744
BRONX,40,40.80755382,-73.91921496
STATEN ISLAND,120,40.615478,-74.081664
QUEENS,109,40.757699,-73.834116
(null),28,40.808273,-73.950703
BROOKLYN,75,40.669033,-73.897562
BROOKLYN,68,40.63150595,-74.02479052
STATEN ISLAND,122,40.556136,-74.152478
MANHATTAN,33,40.841382,-73.936769
BRONX,45,40.845355,-73.832229
MANHATTAN,17,40.750539,-73.978833
MANHATTAN,18,40.761284,-73.972049
BRONX,49,40.85327,-73.856492
BRONX,47,40.8873136344706,-73.8472717577564
BROOKLYN,75,40.66503499,-73.89213346
STATEN ISLAND,121,40.604471,-74.122269
QUEENS,110,40.748794,-73.87304
BROOKLYN,63,40.610939,-73.920763
BROOKLYN,66,40.632842,-74.005937
BROOKLYN,75,40.668332,-73.896903
QUEENS,116,40.666071,-73.73607
BROOKLYN,61,40.594062,-73.960868
MANHATTAN,25,40.80958111,-73.93994762
BRONX,46,40.852476,-73.902236
MANHATTAN,25,40.800277,-73.94147
QUEENS,109,40.756965,-73.824351
QUEENS,103,40.704649,-73.792253
MANHATTAN,13,40.731038,-73.976546
BROOKLYN,67,40.641986,-73.950544
BRONX,40,40.809029,-73.920603
BROOKLYN,94,40.71406583,-73.94937276
QUEENS,110,40.7434812638841,-73.8740035373971
BRONX,44,40.836424,-73.923335
BROOKLYN,67,40.642343,-73.944779
BRONX,40,40.806709,-73.930137
BROOKLYN,61,40.59199397,-73.93737443
BRONX,42,40.82432,-73.905328
STATEN ISLAND,121,40.624427,-74.139776
MANHATTAN,23,40.785565,-73.946143
BRONX,43,40.829114,-73.875956
BRONX,47,40.88439986,-73.85237261
MANHATTAN,14,40.750664,-73.990868
STATEN ISLAND,121,40.571184,-74.14757
BROOKLYN,79,40.686749,-73.94604
BRONX,48,40.853281,-73.885871
STATEN ISLAND,122,40.608732,-74.0896005
BROOKLYN,71,40.66636,-73.935524
MANHATTAN,6,40.73097,-73.995342
BRONX,45,40.84270003,-73.8251816
STATEN ISLAND,121,40.618481,-74.165409
BROOKLYN,71,40.66236,-73.957084
MANHATTAN,6,40.73736069,-73.99683897
BROOKLYN,68,40.620603,-74.031132
BRONX,40,40.816981,-73.921153
MANHATTAN,25,40.807889,-73.935913
QUEENS,104,40.713693,-73.895494
BROOKLYN,78,40.66861,-73.985125
BROOKLYN,71,40.668883,-73.932505
QUEENS,115,40.751893,-73.861051
BRONX,52,40.86217,-73.895356
BROOKLYN,81,40.69386225,-73.92970228
MANHATTAN,1,40.710037,-74.005214
BROOKLYN,94,40.736782,-73.957602
BROOKLYN,60,40.577266,-73.976437
BROOKLYN,69,40.645647,-73.902876
QUEENS,108,40.748816,-73.902964
BRONX,47,40.87855904,-73.86576892
MANHATTAN,1,40.71032722,-74.00954415
MANHATTAN,18,40.76229044,-73.98610578
QUEENS,104,40.707408,-73.902155
MANHATTAN,19,40.76118,-73.960835
QUEENS,106,40.68677,-73.822818
BROOKLYN,77,40.673189,-73.929315
QUEENS,103,40.70807939,-73.792564
BROOKLYN,94,40.728488,-73.950367
QUEENS,110,40.73805,-73.859903
MANHATTAN,32,40.829965,-73.9367
MANHATTAN,22,40.79541,-73.958051
QUEENS,101,40.597437,-73.744865
MANHATTAN,25,40.801613,-73.943667
BROOKLYN,60,40.574628,-73.991971
MANHATTAN,14,40.75417678,-73.98459514
QUEENS,106,40.687784,-73.822559
MANHATTAN,23,40.797116,-73.945899
QUEENS,113,40.691541,-73.749271
BRONX,43,40.8235,-73.858618
BROOKLYN,72,40.643149,-74.017641
QUEENS,113,40.67667116,-73.80205324
MANHATTAN,19,40.762618,-73.961327
BROOKLYN,88,40.693396,-73.966394
QUEENS,115,40.748893,-73.882262
BROOKLYN,60,40.573906,-73.999385
BROOKLYN,88,40.6902236041959,-73.9602785860011
BRONX,43,40.838311,-73.85916
BROOKLYN,75,40.664002,-73.899144
BRONX,40,40.810385,-73.904528
BROOKLYN,71,40.65977,-73.96058
BRONX,42,40.837132,-73.900268
QUEENS,109,40.765232,-73.814651
BROOKLYN,76,40.674394,-74.00686
BROOKLYN,83,40.68451308,-73.90938007
BRONX,40,40.818344,-73.918746
MANHATTAN,6,40.73238403,-74.01035193
QUEENS,103,40.699803,-73.807366
BRONX,43,40.835443,-73.878147
BROOKLYN,77,40.675411,-73.958073
BROOKLYN,84,40.687687,-73.989825
BRONX,46,40.85381528,-73.90733117
MANHATTAN,28,40.798833,-73.953843
BROOKLYN,88,40.695382,-73.982425
BROOKLYN,90,40.712668,-73.965124
BRONX,47,40.876716,-73.846188
BROOKLYN,72,40.636166,-74.01066
BRONX,46,40.851316,-73.902117
MANHATTAN,25,40.798973,-73.942428
BROOKLYN,76,40.677357,-74.01155
BROOKLYN,81,40.687079,-73.926895
MANHATTAN,1,40.712368,-74.008885
BROOKLYN,67,40.645793,-73.931698
BROOKLYN,78,40.66743678,-73.98443854
QUEENS,100,40.595521,-73.792563
BRONX,40,40.808779,-73.926082
BROOKLYN,81,40.699255,-73.939297
MANHATTAN,30,40.831238,-73.943227
BROOKLYN,63,40.6201,-73.928015
STATEN ISLAND,121,40.603745,-74.121684
BROOKLYN,84,40.691215,-73.984388
QUEENS,102,40.685612,-73.857789
BROOKLYN,81,40.682503,-73.924309
MANHATTAN,23,40.785681,-73.944508
MANHATTAN,14,40.756707,-73.984496
QUEENS,105,40.752973,-73.707196
BRONX,45,40.840743,-73.838662
BROOKLYN,75,40.658334,-73.884038
BRONX,43,40.83188937,-73.87421773
BROOKLYN,73,40.683677,-73.917341
MANHATTAN,7,40.72070953,-73.98130916
QUEENS,109,40.794363,-73.816008
BRONX,47,40.873056,-73.866219
STATEN ISLAND,121,40.578285,-74.162023
BROOKLYN,78,40.68277978,-73.98241587
QUEENS,112,40.719944,-73.844935
BRONX,40,40.822729,-73.919369
BROOKLYN,75,40.67375,-73.8653
MANHATTAN,18,40.76791711,-73.98571471
QUEENS,109,40.762143,-73.798083
BROOKLYN,83,40.701324,-73.922759
MANHATTAN,23,40.793325,-73.938923
MANHATTAN,25,40.797629,-73.934224
BROOKLYN,72,40.64795,-73.998409
BROOKLYN,90,40.715107,-73.96066
BROOKLYN,79,40.690008,-73.943786
BRONX,44,40.840633,-73.91517762
BROOKLYN,81,40.6823685,-73.93193899
MANHATTAN,32,40.816801,-73.947242
BROOKLYN,94,40.71453563,-73.9443908
BROOKLYN,61,40.599617,-73.944648
MANHATTAN,33,40.83652,-73.940027
BROOKLYN,75,40.666523,-73.898356
BROOKLYN,61,40.597621,-73.931611
BRONX,43,40.828629,-73.878704
BROOKLYN,67,40.65084,-73.949083
BROOKLYN,60,40.593168,-73.979325
MANHATTAN,14,40.75533027,-73.9911785
BROOKLYN,83,40.700042,-73.920505
MANHATTAN,7,40.719308,-73.979086
MANHATTAN,23,40.793511,-73.940336
BROOKLYN,79,40.68922879,-73.95699279
STATEN ISLAND,123,40.514171,-74.246589
MANHATTAN,32,40.809646,-73.942016
MANHATTAN,28,40.800655,-73.948582
BROOKLYN,90,40.707607,-73.951128
BRONX,42,40.830682,-73.888577
MANHATTAN,19,40.779168,-73.954785
BROOKLYN,67,40.651359,-73.938567
MANHATTAN,26,40.812512,-73.95268
BROOKLYN,76,40.6836512406856,-74.0003043120176
STATEN ISLAND,120,40.613725,-74.084819
BROOKLYN,75,40.677815,-73.885187
QUEENS,103,40.697367,-73.791827
QUEENS,112,40.71971,-73.864964
BRONX,49,40.851554,-73.865861
MANHATTAN,1,40.723184,-74.000887
QUEENS,103,40.698158,-73.795085
BRONX,44,40.835163,-73.91248
STATEN ISLAND,120,40.62246362,-74.07253516
MANHATTAN,13,40.74115,-73.976986
BROOKLYN,67,40.639671,-73.953693
MANHATTAN,25,40.786639,-73.930466
BROOKLYN,94,40.720912,-73.958948
BRONX,40,40.814611,-73.913956
MANHATTAN,30,40.830601,-73.948574
BRONX,48,40.852579,-73.893696
BROOKLYN,66,40.6472719,-73.9973009
MANHATTAN,5,40.722135,-73.996697
QUEENS,104,40.708092,-73.915379
BROOKLYN,83,40.6984738177025,-73.917768981221
QUEENS,102,40.69074,-73.837232
BRONX,42,40.834891,-73.889237
MANHATTAN,28,40.79984317,-73.95245706
MANHATTAN,10,40.75773221,-73.99685244
BROOKLYN,71,40.65829629,-73.93108413
BROOKLYN,66,40.631429,-74.001246
BRONX,42,40.831272,-73.893019
(null),7,40.719445,-73.988684
BROOKLYN,66,40.61728848,-73.9778514
BRONX,45,40.818751,-73.814761
BRONX,44,40.831891,-73.911841
MANHATTAN,33,40.835341,-73.94209
MANHATTAN,30,40.818046,-73.954244
BRONX,48,40.856911,-73.886418
STATEN ISLAND,122,40.59998721,-74.09083289
MANHATTAN,23,40.797814,-73.948551
QUEENS,109,40.756217,-73.829771
QUEENS,101,40.599187,-73.750221
BROOKLYN,76,40.68152115,-74.00539375
STATEN ISLAND,121,40.603229,-74.141247
BROOKLYN,79,40.692259,-73.950264
QUEENS,112,40.73230276,-73.85826622
BROOKLYN,67,40.649756,-73.95038
MANHATTAN,23,40.794852,-73.934781
BRONX,42,40.836028,-73.882062
BROOKLYN,88,40.690639,-73.972346
QUEENS,114,40.75557128,-73.9117631
QUEENS,102,40.692427,-73.859998
BROOKLYN,90,40.708674,-73.95858
BROOKLYN,70,40.647019,-73.958125
BRONX,44,40.831583,-73.927707
BRONX,45,40.864401,-73.829711
BRONX,42,40.833875,-73.904259
BROOKLYN,71,40.664252,-73.95832
QUEENS,102,40.6896,-73.827271
BROOKLYN,73,40.65780309,-73.90867389
BRONX,43,40.833575,-73.861119
MANHATTAN,23,40.784601,-73.94684
BROOKLYN,83,40.68238287,-73.90564046
MANHATTAN,6,40.735227,-74.005501
BROOKLYN,75,40.672182,-73.885112
BROOKLYN,75,40.666795,-73.87573
MANHATTAN,18,40.757606,-73.977887
QUEENS,102,40.69761041,-73.82004436
BRONX,42,40.831475,-73.891261
QUEENS,105,40.71687779,-73.74169784
QUEENS,101,40.598673,-73.757894
QUEENS,115,40.752963,-73.860527
MANHATTAN,19,40.781123,-73.954405
MANHATTAN,20,40.778702,-73.979715
STATEN ISLAND,121,40.64051845,-74.17128719
BROOKLYN,67,40.66077022,-73.91974234
QUEENS,109,40.762621,-73.816135
MANHATTAN,13,40.737445,-73.988387
BRONX,40,40.812612,-73.924258
STATEN ISLAND,122,40.555128,-74.148762
BROOKLYN,72,40.654994,-74.0108
(null),69,40.6486135510607,-73.9052572032302
MANHATTAN,30,40.8286232400477,-73.9438488369889
BRONX,43,40.82989293,-73.87327116
BROOKLYN,75,40.683548,-73.894247
BROOKLYN,63,40.620225,-73.926005
QUEENS,109,40.755053,-73.832261
BROOKLYN,66,40.646405,-73.974399
BROOKLYN,73,40.669342,-73.91308
BRONX,41,40.824171,-73.889568
QUEENS,100,40.582245,-73.828719
BROOKLYN,77,40.678291,-73.9529
BRONX,43,40.828855,-73.851901
BROOKLYN,79,40.696112,-73.952708
MANHATTAN,7,40.711446,-73.98197
QUEENS,112,40.733344,-73.857482
BRONX,46,40.847932,-73.9162
BROOKLYN,70,40.630687,-73.967315
MANHATTAN,20,40.772275,-73.988118
MANHATTAN,34,40.86157901,-73.92477823
BROOKLYN,90,40.713501,-73.954689
BRONX,49,40.854443,-73.864345
MANHATTAN,32,40.812423,-73.949531
BROOKLYN,62,40.607492,-74.003025
MANHATTAN,18,40.766542,-73.992301
QUEENS,102,40.695259,-73.841563
MANHATTAN,20,40.77548661,-73.98216393
MANHATTAN,14,40.752009,-73.977394
QUEENS,116,40.667695,-73.730281
BROOKLYN,72,40.64143514,-74.01781464
QUEENS,115,40.755069,-73.861412
BRONX,49,40.865526,-73.86305
MANHATTAN,14,40.755027,-73.991406
MANHATTAN,32,40.813992,-73.946526
QUEENS,103,40.703368,-73.806716
BROOKLYN,68,40.629413,-74.011065
QUEENS,109,40.786009,-73.842071
MANHATTAN,6,40.734594,-74.000682
STATEN ISLAND,121,40.62891,-74.143277
BRONX,49,40.851196,-73.845805
BROOKLYN,72,40.650443,-74.010091
QUEENS,103,40.68786,-73.802363
BROOKLYN,83,40.686733,-73.907212
QUEENS,113,40.690517,-73.746766
BROOKLYN,94,40.717447,-73.940282
BROOKLYN,63,40.617333,-73.934828
BROOKLYN,88,40.695138,-73.973307
BROOKLYN,69,40.638809,-73.914393
QUEENS,116,40.666771,-73.760697
MANHATTAN,17,40.754683,-73.964177
BRONX,48,40.851197,-73.888513
MANHATTAN,13,40.734327,-73.987484
BROOKLYN,73,40.670947,-73.92109
BROOKLYN,90,40.712234,-73.939579
BROOKLYN,77,40.676807,-73.94846
QUEENS,102,40.684123,-73.855624
QUEENS,101,40.597349,-73.748177
STATEN ISLAND,120,40.640751,-74.08611
BROOKLYN,67,40.64494,-73.952206
BRONX,52,40.8694704770483,-73.8798608037303
BRONX,40,40.811333,-73.915844
BRONX,43,40.82665759,-73.8738952
BROOKLYN,73,40.679581,-73.913813
BRONX,41,40.814852,-73.899077
QUEENS,102,40.69366251,-73.85216387
MANHATTAN,34,40.848729,-73.9365
BROOKLYN,78,40.684463,-73.977751
QUEENS,103,40.69570975,-73.8057508
BROOKLYN,75,40.664209,-73.887752
BRONX,48,40.853115,-73.883008
QUEENS,102,40.69304982,-73.85383845
MANHATTAN,19,40.777383,-73.95056
BROOKLYN,67,40.657838,-73.923021
BROOKLYN,63,40.613305,-73.917185
MANHATTAN,1,40.714542,-74.01567
BRONX,44,40.85267409,-73.91909509
MANHATTAN,23,40.787469,-73.948724
QUEENS,103,40.70247941,-73.7999497
BROOKLYN,90,40.703688,-73.938045
BRONX,40,40.814137,-73.909771
STATEN ISLAND,123,40.510879,-74.233552
BROOKLYN,81,40.67907337,-73.9252653
BROOKLYN,68,40.628702,-74.03628
MANHATTAN,14,40.75470724,-73.99163337
MANHATTAN,1,40.7107,-74.007568
BRONX,43,40.821502,-73.878946
MANHATTAN,1,40.722415,-73.999334
BROOKLYN,75,40.65276842,-73.88628975
BROOKLYN,77,40.672881,-73.923689
BRONX,43,40.819673,-73.851332
MANHATTAN,34,40.867857,-73.919086
BROOKLYN,79,40.680159,-73.945126
BROOKLYN,73,40.659233,-73.915885
BROOKLYN,63,40.620501,-73.934586
BROOKLYN,67,40.642103,-73.948639
BROOKLYN,83,40.6902178,-73.9072917
BRONX,52,40.87077786,-73.8862279
BRONX,40,40.819033,-73.918427
BRONX,47,40.879253,-73.856975
QUEENS,106,40.681838,-73.837388
BRONX,49,40.85964,-73.863236
QUEENS,110,40.738194,-73.850367
BRONX,49,40.855973,-73.8567
BROOKLYN,77,40.674456,-73.936172
BROOKLYN,68,40.635118,-74.027337
MANHATTAN,19,40.768328,-73.951169
MANHATTAN,34,40.85555717,-73.9291699
MANHATTAN,32,40.820327,-73.941901
QUEENS,116,40.659976,-73.731782
QUEENS,113,40.698307,-73.756899
BRONX,45,40.817975,-73.835791
BRONX,40,40.817494,-73.910378
MANHATTAN,32,40.81908,-73.942813
BROOKLYN,84,40.69222518,-73.98729955
BRONX,43,40.817969,-73.847792
BROOKLYN,88,40.685752,-73.978686
BROOKLYN,84,40.699746,-73.981699
QUEENS,115,40.754265,-73.867407
BRONX,42,40.838501,-73.899501
QUEENS,111,40.764801,-73.771614
BRONX,49,40.86788941,-73.86727646
MANHATTAN,14,40.75293627,-73.98548693
QUEENS,114,40.775254,-73.91178
BRONX,52,40.863813,-73.890738
BROOKLYN,67,40.657519,-73.920942
BRONX,46,40.859819,-73.900306
MANHATTAN,20,40.777335,-73.980681
STATEN ISLAND,121,40.587514,-74.168165
QUEENS,115,40.767399,-73.873204
QUEENS,113,40.670446,-73.780004
BROOKLYN,66,40.645379,-73.980987
BRONX,40,40.82024,-73.908685
BROOKLYN,60,40.585629,-73.966394
BRONX,40,40.819788,-73.919882
BROOKLYN,62,40.60460965,-73.99825336
BROOKLYN,70,40.637055,-73.958538
MANHATTAN,18,40.76687584,-73.97907601
BROOKLYN,78,40.681241,-73.970974
QUEENS,114,40.753996,-73.94243045
BROOKLYN,67,40.6518665,-73.91269311
QUEENS,110,40.738379,-73.86258
QUEENS,114,40.77293,-73.933416
QUEENS,101,40.603527,-73.757947
BRONX,49,40.854091,-73.867718
BRONX,46,40.858677,-73.90592
BROOKLYN,62,40.61042174,-73.98210718
QUEENS,114,40.763962,-73.929397
BROOKLYN,78,40.677552,-73.981327
QUEENS,108,40.741739,-73.960361
BROOKLYN,63,40.629527,-73.925082
BRONX,42,40.837377,-73.906692
QUEENS,108,40.736275,-73.894193
QUEENS,108,40.742337,-73.911495
BRONX,49,40.8579039,-73.86467188
BROOKLYN,73,40.670089,-73.913798
BRONX,46,40.86135236,-73.89773676
QUEENS,114,40.764088,-73.915393
BRONX,49,40.863839,-73.833692
QUEENS,107,40.736874,-73.807168
QUEENS,111,40.762639,-73.762854
BROOKLYN,77,40.667425,-73.923709
BROOKLYN,71,40.66308945,-73.96238749
QUEENS,115,40.754677,-73.869039
BROOKLYN,66,40.638498,-73.990308
MANHATTAN,14,40.754477,-73.980167
BROOKLYN,75,40.67311678,-73.88761414
BROOKLYN,78,40.680528,-73.969538
BROOKLYN,73,40.678944,-73.909611
BROOKLYN,69,40.637386,-73.916686
BROOKLYN,71,40.661979,-73.944168
BRONX,40,40.81606683,-73.91764392
QUEENS,114,40.773757,-73.932082
STATEN ISLAND,120,40.638371,-74.083138
MANHATTAN,1,40.719276,-74.0019875
MANHATTAN,14,40.75484094,-73.98411854
BROOKLYN,83,40.698286,-73.927064
BROOKLYN,83,40.70068,-73.933845
MANHATTAN,34,40.855877,-73.928944
QUEENS,114,40.76822832,-73.92913642
BRONX,42,40.82337785,-73.90911148
STATEN ISLAND,120,40.636818,-74.118652
QUEENS,109,40.75339516,-73.79241928
BRONX,46,40.855908,-73.897695
BROOKLYN,63,40.633186,-73.923073
BROOKLYN,75,40.648029,-73.881948
BROOKLYN,81,40.677486,-73.920896
MANHATTAN,5,40.718455,-73.996757
BROOKLYN,67,40.660237,-73.920497
QUEENS,116,40.666435,-73.784559
BRONX,48,40.853451,-73.891536
STATEN ISLAND,122,40.570199,-74.110038
BROOKLYN,67,40.65173309,-73.93038095
BROOKLYN,73,40.67951644,-73.90457012
BROOKLYN,79,40.681217,-73.942035
BRONX,49,40.861042,-73.850683
QUEENS,112,40.732218,-73.867335
BRONX,40,40.812958,-73.907704
QUEENS,111,40.74138784,-73.75648151
BROOKLYN,68,40.622451,-74.028498
BRONX,49,40.86543025,-73.8673609
MANHATTAN,5,40.711933,-73.998225
MANHATTAN,14,40.753172,-73.992755
BROOKLYN,67,40.651185,-73.913766
MANHATTAN,26,40.8148034786258,-73.95628448405
QUEENS,116,40.67972902,-73.76161358
MANHATTAN,5,40.711484,-73.995524
QUEENS,103,40.696743,-73.798015
MANHATTAN,10,40.752907,-74.002969
BROOKLYN,79,40.680891,-73.944869
BROOKLYN,72,40.6394811,-74.01616747
BROOKLYN,61,40.604445,-73.959358
BROOKLYN,75,40.659765,-73.892058
BROOKLYN,62,40.6047685,-73.99087428
BRONX,40,40.81330307,-73.93039618
BROOKLYN,84,40.686348,-73.981253
BROOKLYN,69,40.641056,-73.910654
BRONX,49,40.84954852,-73.85304636
MANHATTAN,13,40.74134,-73.978394
MANHATTAN,17,40.751881,-73.969158
BROOKLYN,81,40.69373,-73.934203
QUEENS,103,40.710307,-73.790349
BROOKLYN,66,40.619474,-73.984593
BRONX,41,40.821866,-73.897372
BRONX,45,40.82240832,-73.83639575
QUEENS,106,40.685896,-73.826394
BROOKLYN,69,40.641542,-73.902413
MANHATTAN,32,40.82163821,-73.93907684
STATEN ISLAND,123,40.518516,-74.234608
QUEENS,103,40.701156,-73.781673
BROOKLYN,70,40.631713,-73.957523
BROOKLYN,81,40.679225,-73.927975
QUEENS,102,40.681475,-73.859198
BROOKLYN,62,40.610185,-73.973257
BRONX,48,40.849428,-73.89833
BRONX,40,40.8149368,-73.91495387
QUEENS,112,40.73091,-73.872909
BROOKLYN,75,40.665114,-73.897038
MANHATTAN,25,40.803394,-73.938144
BROOKLYN,60,40.5858,-73.963653
QUEENS,109,40.781701,-73.840958
BRONX,48,40.848069,-73.899099
QUEENS,107,40.710481,-73.815854
MANHATTAN,26,40.812117,-73.95517
MANHATTAN,23,40.793923,-73.947174
BROOKLYN,90,40.705044,-73.939374
BRONX,48,40.848477,-73.883431
MANHATTAN,14,40.756267,-73.990503
MANHATTAN,14,40.754089,-73.993943
BRONX,46,40.848161,-73.904806
MANHATTAN,17,40.756889,-73.965515
BRONX,42,40.8222710411331,-73.911697780277
QUEENS,107,40.711881,-73.814775
BROOKLYN,84,40.691631,-73.986303
MANHATTAN,19,40.771875,-73.951561
BRONX,46,40.850273,-73.907831
QUEENS,115,40.75081062,-73.89397603
QUEENS,111,40.763095,-73.735465
MANHATTAN,14,40.752884,-73.983434
BROOKLYN,84,40.691013,-73.983457
QUEENS,101,40.606228,-73.750712
BRONX,46,40.853376,-73.904264
QUEENS,105,40.71824,-73.746864
QUEENS,105,40.70257,-73.743539
QUEENS,116,40.662813,-73.755089
QUEENS,113,40.68427666,-73.77501381
QUEENS,114,40.768545,-73.932736
BROOKLYN,69,40.640492,-73.907574
(null),13,40.739034,-73.981547
QUEENS,110,40.734963,-73.874985
MANHATTAN,18,40.758282,-73.985295
BRONX,48,40.847767,-73.889155
MANHATTAN,18,40.7629678,-73.98189293
BRONX,46,40.850235,-73.905378
BRONX,41,40.81230861,-73.89635988
QUEENS,107,40.734027,-73.804922
QUEENS,103,40.708345,-73.794688
QUEENS,115,40.750171,-73.871022
BRONX,46,40.850408,-73.902812
MANHATTAN,14,40.7485121,-73.98871441
BROOKLYN,62,40.610377,-73.982573
MANHATTAN,34,40.851052,-73.938762
BROOKLYN,69,40.629803,-73.898132
MANHATTAN,10,40.748964,-74.00511
QUEENS,115,40.74886342,-73.89270872
BROOKLYN,79,40.686848,-73.958206
QUEENS,103,40.704115,-73.798256
MANHATTAN,32,40.809022,-73.942474
QUEENS,106,40.67726,-73.82604
BROOKLYN,60,40.578019,-73.98287
QUEENS,103,40.71085,-73.760555
MANHATTAN,19,40.775348,-73.963889
BRONX,48,40.850448,-73.885125
BRONX,43,40.813991,-73.848978
MANHATTAN,32,40.824506,-73.937007
QUEENS,115,40.749993,-73.87204
BROOKLYN,90,40.709572,-73.942754
MANHATTAN,14,40.756643,-73.988371
QUEENS,108,40.74931,-73.916992
QUEENS,107,40.725598,-73.825543
BROOKLYN,71,40.65936334,-73.93965755
BROOKLYN,90,40.700419,-73.957343
BRONX,46,40.852414,-73.904372
MANHATTAN,19,40.769149,-73.958118
MANHATTAN,1,40.710562,-74.008405
QUEENS,104,40.711816,-73.895028
QUEENS,106,40.655002,-73.838842
BROOKLYN,88,40.683613,-73.967427
BROOKLYN,78,40.683299,-73.974854
QUEENS,104,40.701204,-73.879752
QUEENS,106,40.68126391,-73.83952904
BROOKLYN,68,40.627422,-74.010792
QUEENS,113,40.67140758,-73.79941204
BROOKLYN,73,40.659281,-73.91489
BROOKLYN,75,40.671615,-73.884544
BROOKLYN,90,40.699349,-73.957095
STATEN ISLAND,123,40.548751,-74.170579
QUEENS,104,40.718495,-73.873972
STATEN ISLAND,122,40.595978,-74.091629
STATEN ISLAND,121,40.628847,-74.141535
QUEENS,108,40.750455,-73.942448
MANHATTAN,28,40.809184,-73.951896
QUEENS,103,40.703555,-73.799677
(null),20,40.77661,-73.980927
QUEENS,115,40.748109,-73.891677
BROOKLYN,77,40.669822,-73.932417
QUEENS,110,40.73756,-73.862738
BRONX,45,40.84169,-73.837042
BRONX,47,40.87816191,-73.86415332
BROOKLYN,72,40.645638,-74.013452
BRONX,47,40.871032,-73.867175
BROOKLYN,77,40.67680823,-73.95574979
BROOKLYN,77,40.676968,-73.960991
MANHATTAN,9,40.727484,-73.98693
BROOKLYN,68,40.61605806,-74.0257501
MANHATTAN,9,40.730887,-73.992166
BRONX,49,40.870353,-73.854593
BRONX,44,40.8450614,-73.91308651
BRONX,48,40.841251,-73.880048
MANHATTAN,1,40.713562,-74.012439
BROOKLYN,68,40.616763,-74.028988
BROOKLYN,71,40.66641,-73.952918
QUEENS,103,40.69317846,-73.79434128
MANHATTAN,7,40.715,-73.990038
MANHATTAN,14,40.7498542,-73.98793821
QUEENS,106,40.662512,-73.856312
BROOKLYN,75,40.662932,-73.884703
MANHATTAN,28,40.80641316,-73.94435739
MANHATTAN,28,40.8084,-73.942929
QUEENS,105,40.68838,-73.727479
MANHATTAN,6,40.728849,-74.00337
BROOKLYN,61,40.583993,-73.960004
BROOKLYN,83,40.701658,-73.925361
QUEENS,115,40.75624129,-73.87886163
BROOKLYN,75,40.688992,-73.874764
BROOKLYN,94,40.725591,-73.936889
BROOKLYN,72,40.63831551,-74.00662253
BROOKLYN,90,40.702522,-73.957838
BRONX,48,40.843059,-73.882859
BRONX,40,40.806203,-73.916004
STATEN ISLAND,122,40.595358,-74.086098
BROOKLYN,88,40.696987,-73.970603
BRONX,48,40.844108,-73.88847
BRONX,45,40.843832,-73.82511
MANHATTAN,19,40.776625,-73.958743
BROOKLYN,77,40.675571,-73.92578
BROOKLYN,71,40.664357,-73.939887
QUEENS,110,40.748675,-73.866093
QUEENS,102,40.702132,-73.820468
BRONX,44,40.841989,-73.924494
QUEENS,107,40.717085,-73.803375
BRONX,40,40.809251,-73.91591
MANHATTAN,33,40.84301,-73.94248
BROOKLYN,72,40.662927,-73.989987
BRONX,46,40.846864,-73.916596
MANHATTAN,19,40.761873,-73.966357
QUEENS,101,40.600913,-73.758353
BROOKLYN,90,40.700909,-73.941177
MANHATTAN,32,40.8084,-73.942929
QUEENS,116,40.661669,-73.733312
MANHATTAN,18,40.759767,-73.989812
BROOKLYN,75,40.680163,-73.892224
STATEN ISLAND,120,40.629445,-74.077469
STATEN ISLAND,121,40.600559,-74.133069
BRONX,46,40.846637,-73.916052
BRONX,44,40.84434352,-73.91474279
QUEENS,115,40.74915777,-73.86942584
QUEENS,102,40.69239421,-73.83389124
MANHATTAN,25,40.800302,-73.942504
BRONX,43,40.82071067,-73.85158175
BROOKLYN,69,40.64513343,-73.90231306
BRONX,49,40.842722,-73.838343
BROOKLYN,62,40.612183,-74.003133
QUEENS,108,40.728304,-73.926373
STATEN ISLAND,120,40.643737,-74.072799
BROOKLYN,78,40.6757537,-73.97142204
STATEN ISLAND,123,40.535504,-74.200434
QUEENS,105,40.726977,-73.735026
BROOKLYN,70,40.65292723,-73.9593299
BROOKLYN,78,40.674856,-73.97078072
BROOKLYN,68,40.62191616,-74.02231943
BROOKLYN,75,40.682561,-73.866164
BRONX,45,40.847127,-73.820188
BRONX,49,40.841407,-73.869745
QUEENS,103,40.71318797,-73.76702732
QUEENS,104,40.709382,-73.869803
BROOKLYN,77,40.675749,-73.929074
BROOKLYN,79,40.699545,-73.945676
BRONX,46,40.845832,-73.915941
MANHATTAN,5,40.713576,-73.995927
BRONX,43,40.82105074,-73.88226634
BRONX,50,40.887715,-73.913208
MANHATTAN,14,40.755937,-73.9926
BROOKLYN,94,40.729738,-73.951072
BRONX,40,40.807218,-73.922417
MANHATTAN,26,40.8080019,-73.96389863
BROOKLYN,67,40.649091,-73.955778
MANHATTAN,6,40.731304,-74.003683
BROOKLYN,67,40.655344,-73.951514
QUEENS,114,40.755389,-73.929629
MANHATTAN,19,40.773333,-73.96009
BRONX,40,40.81539,-73.909325
BROOKLYN,88,40.696026,-73.967912
BROOKLYN,94,40.731662,-73.957887
BRONX,44,40.843545,-73.911822
BRONX,44,40.84471769,-73.91226652
BRONX,45,40.842898,-73.828393
BROOKLYN,67,40.644804,-73.954364
BROOKLYN,70,40.629324,-73.957074
BRONX,40,40.80904488,-73.92855472
BROOKLYN,88,40.69387478,-73.96221506
MANHATTAN,25,40.80572952,-73.93854235
MANHATTAN,28,40.807915,-73.954721
MANHATTAN,33,40.844555,-73.93445
STATEN ISLAND,120,40.61361,-74.078869
BROOKLYN,62,40.600333,-73.997917
STATEN ISLAND,120,40.632036,-74.122241
QUEENS,105,40.700142,-73.740562
BRONX,48,40.850182,-73.890419
QUEENS,107,40.730343,-73.809949
BRONX,44,40.844577,-73.915307
BROOKLYN,73,40.655785,-73.910604
BROOKLYN,63,40.627239,-73.91808
BROOKLYN,67,40.652245,-73.910234
QUEENS,113,40.66524734,-73.80203307
BROOKLYN,83,40.70062,-73.919351
BROOKLYN,70,40.64612836,-73.95920071
BROOKLYN,72,40.660366,-73.978547
BRONX,46,40.8488788,-73.91614303
BROOKLYN,75,40.648017,-73.880814
MANHATTAN,18,40.76109335,-73.98326154
QUEENS,105,40.749135,-73.716094
BROOKLYN,70,40.633965,-73.970374
MANHATTAN,28,40.809052,-73.946418
BROOKLYN,62,40.614707,-74.004298
QUEENS,107,40.739364,-73.788012
QUEENS,109,40.759983,-73.831418
BROOKLYN,79,40.68039035,-73.94955696
STATEN ISLAND,122,40.588966,-74.091327
QUEENS,109,40.760355,-73.829804
QUEENS,115,40.75859438,-73.87451136
QUEENS,107,40.715267,-73.773166
BROOKLYN,66,40.64132547,-73.98299251
MANHATTAN,25,40.80753915,-73.9351054
BROOKLYN,77,40.668731,-73.929736
BROOKLYN,90,40.709256,-73.953579
BROOKLYN,79,40.692436,-73.951978
QUEENS,115,40.750482,-73.887285
BROOKLYN,88,40.68890313,-73.98092864
MANHATTAN,7,40.718727,-73.977457
BRONX,43,40.841838,-73.858974
QUEENS,105,40.725379,-73.720791
BROOKLYN,67,40.637922,-73.940474
MANHATTAN,6,40.732883,-73.992303
BROOKLYN,72,40.657089,-73.999955
(null),32,40.809682,-73.945956
BROOKLYN,69,40.636009,-73.886297
BROOKLYN,81,40.691733,-73.935297
STATEN ISLAND,120,40.629884,-74.076707
MANHATTAN,25,40.809859,-73.937645
QUEENS,115,40.748696,-73.884125
BRONX,44,40.84335,-73.923752
BROOKLYN,75,40.666639,-73.873998
BROOKLYN,72,40.650611,-74.002811
BRONX,48,40.845248,-73.882955
MANHATTAN,25,40.797611,-73.941321
BRONX,49,40.842596,-73.842616
BROOKLYN,60,40.580137,-73.955412
MANHATTAN,33,40.845032,-73.939688
QUEENS,103,40.708211,-73.793676
BROOKLYN,75,40.672707,-73.872424
BROOKLYN,78,40.679198,-73.977001
BRONX,43,40.82950189,-73.87460889
BROOKLYN,94,40.7270006940205,-73.9529831112437
BRONX,45,40.84316554,-73.82811151
QUEENS,103,40.701057,-73.805655
BRONX,40,40.81141,-73.927711
BRONX,48,40.85228818,-73.89048512
BROOKLYN,73,40.673844,-73.916732
BROOKLYN,68,40.629888,-74.010353
BROOKLYN,67,40.654023,-73.927209
QUEENS,108,40.74810812,-73.94735469
BRONX,41,40.820014,-73.886975
BRONX,40,40.814189,-73.906776
STATEN ISLAND,120,40.636562,-74.088153
BRONX,46,40.849612,-73.916694
MANHATTAN,18,40.760158,-73.983953
BROOKLYN,76,40.682349,-74.007629
BROOKLYN,70,40.651859,-73.962215
BRONX,48,40.844911,-73.878602
MANHATTAN,1,40.723989,-74.000749
BROOKLYN,90,40.71189,-73.941459
BROOKLYN,60,40.573992,-73.997272
QUEENS,110,40.740956,-73.85091
BROOKLYN,83,40.69942769,-73.91230985
BROOKLYN,63,40.625319,-73.917875
MANHATTAN,18,40.75925,-73.986634
BROOKLYN,77,40.676812,-73.964753
BROOKLYN,66,40.64081,-73.998658
MANHATTAN,10,40.741663,-73.999283
QUEENS,112,40.725526,-73.852042
BROOKLYN,60,40.582628,-73.986225
MANHATTAN,25,40.801113,-73.934687
BROOKLYN,78,40.675239,-73.991194
BROOKLYN,72,40.64020382,-74.00824056
BROOKLYN,67,40.656525,-73.916362
QUEENS,106,40.681678,-73.835795
MANHATTAN,14,40.747729,-73.986838
QUEENS,103,40.709501,-73.786484
QUEENS,103,40.71349769,-73.75621187
BROOKLYN,69,40.653999,-73.896365
STATEN ISLAND,123,40.511586,-74.249303
BROOKLYN,69,40.632581,-73.893123
MANHATTAN,25,40.807976,-73.939022
BROOKLYN,73,40.669484,-73.912134
BRONX,44,40.835835,-73.910556
MANHATTAN,114,40.758729,-73.952419
BROOKLYN,83,40.693865,-73.927868
QUEENS,103,40.697419,-73.805358
QUEENS,114,40.781981,-73.911818
QUEENS,106,40.675333,-73.812179
MANHATTAN,25,40.80369968,-73.93581711
MANHATTAN,30,40.823703,-73.953798
QUEENS,103,40.698134,-73.805335
BROOKLYN,83,40.682025,-73.903636
MANHATTAN,9,40.72846241,-73.97566769
BROOKLYN,69,40.635074,-73.900881
BROOKLYN,75,40.671644,-73.863361
MANHATTAN,1,40.710822,-74.00604
BROOKLYN,75,40.668896,-73.898482
QUEENS,113,40.700889,-73.762905
QUEENS,110,40.7405,-73.86639
BROOKLYN,63,40.629408,-73.926984
BRONX,44,40.840437,-73.916397
BROOKLYN,73,40.676015,-73.904808
BRONX,45,40.82490072,-73.83653777
BROOKLYN,70,40.63593259,-73.96248206
BROOKLYN,66,40.63674,-73.978329
MANHATTAN,23,40.795884,-73.948888
MANHATTAN,6,40.727119,-74.000276
BROOKLYN,70,40.622572,-73.951899
BROOKLYN,67,40.662026,-73.925231
BRONX,40,40.815716,-73.928538
MANHATTAN,13,40.730913,-73.981444
BROOKLYN,67,40.655194,-73.933193
BRONX,46,40.85314965,-73.90560062
BRONX,48,40.856754,-73.893955
QUEENS,108,40.74929877,-73.89757673
QUEENS,116,40.679191,-73.749811
BRONX,40,40.820848,-73.921188
BRONX,43,40.823428,-73.878445
BROOKLYN,83,40.696332,-73.920045
QUEENS,108,40.75064623,-73.94565636
BROOKLYN,83,40.6969863,-73.93522383
QUEENS,116,40.675299,-73.743587
BRONX,41,40.820721,-73.896923
QUEENS,114,40.754974,-73.946355
MANHATTAN,17,40.75807,-73.971224
BROOKLYN,62,40.600897,-73.980775
MANHATTAN,6,40.73170654,-74.00095616
QUEENS,113,40.669619,-73.783716
BROOKLYN,69,40.635342,-73.896121
QUEENS,114,40.75933,-73.939587
BROOKLYN,79,40.68884,-73.957178
QUEENS,116,40.666286,-73.734144
MANHATTAN,30,40.827473,-73.945976
BROOKLYN,70,40.644178,-73.955153
QUEENS,113,40.70696613,-73.75282008
BRONX,40,40.81295419,-73.91371368
MANHATTAN,9,40.727586,-73.993394
BROOKLYN,79,40.681445,-73.949789
BROOKLYN,84,40.685959,-73.992632
BRONX,45,40.823604,-73.819844
MANHATTAN,26,40.81511997,-73.95870333
BRONX,44,40.827915,-73.924706
BRONX,44,40.836266,-73.911328
MANHATTAN,5,40.718232,-74.000246
BRONX,40,40.8103518634571,-73.924942325642
BRONX,44,40.837239,-73.922289
BROOKLYN,78,40.666811,-73.986626
MANHATTAN,1,40.72671,-74.001115
BRONX,44,40.835405,-73.924783
QUEENS,109,40.755309,-73.815136
MANHATTAN,14,40.74828972,-73.98817669
BRONX,43,40.839505,-73.861721
BRONX,50,40.882393,-73.895647
QUEENS,103,40.703637,-73.797544
STATEN ISLAND,120,40.610234,-74.061733
BROOKLYN,67,40.643996,-73.936818
QUEENS,116,40.68123031,-73.73639889
QUEENS,110,40.735125,-73.861748
BROOKLYN,72,40.64445,-74.009219
MANHATTAN,25,40.798947,-73.929912
BROOKLYN,83,40.70119666,-73.91408915
BROOKLYN,78,40.6774111,-73.98305541
BRONX,48,40.838904,-73.881597
BROOKLYN,94,40.732456,-73.953312
BRONX,45,40.820673,-73.824057
BROOKLYN,61,40.585037,-73.933157
QUEENS,107,40.735701,-73.814706
BRONX,46,40.860851,-73.898014
BROOKLYN,62,40.605554,-73.983544
BROOKLYN,61,40.609583,-73.958438
BRONX,44,40.8378421209284,-73.9196277517392
BRONX,45,40.82864524,-73.831318
QUEENS,111,40.7512,-73.756593
BROOKLYN,71,40.669946,-73.951888
QUEENS,111,40.761121,-73.73042
BROOKLYN,60,40.576595,-73.962223
QUEENS,109,40.756418,-73.835249
MANHATTAN,34,40.855935,-73.935456
QUEENS,114,40.759117,-73.926055
MANHATTAN,1,40.71022031,-74.00774423
BRONX,43,40.836005,-73.861029
QUEENS,108,40.745804,-73.947129
BRONX,48,40.86110946,-73.89027538
MANHATTAN,24,40.794515,-73.966324
BROOKLYN,76,40.6837,-74.000505
QUEENS,112,40.706702,-73.854967
BROOKLYN,71,40.658622,-73.93826
MANHATTAN,9,40.72995,-73.979182
QUEENS,103,40.709805,-73.773587
QUEENS,107,40.725926,-73.809629
BRONX,45,40.836776,-73.84805
BROOKLYN,71,40.662673,-73.933013
MANHATTAN,25,40.81207395,-73.93603301
QUEENS,113,40.683493,-73.793307
MANHATTAN,23,40.793979,-73.938445
BRONX,42,40.83618068,-73.90415748
BRONX,43,40.835804,-73.866948
BROOKLYN,62,40.621391,-73.997841
QUEENS,104,40.71337933,-73.85965554
BROOKLYN,76,40.678954,-74.009676
BROOKLYN,60,40.577904,-73.9601
MANHATTAN,9,40.724794,-73.976787
BROOKLYN,62,40.602704,-73.985886
MANHATTAN,23,40.79507208,-73.93918783
QUEENS,101,40.596162,-73.764694
BRONX,41,40.817454,-73.89354
BROOKLYN,83,40.70047,-73.921257
QUEENS,105,40.708996,-73.734558
MANHATTAN,23,40.79347362,-73.93725713
MANHATTAN,10,40.745081,-73.994936
BRONX,44,40.836095,-73.916174
BROOKLYN,61,40.58061,-73.952602
QUEENS,103,40.699683,-73.780613
BROOKLYN,75,40.667035,-73.871335
BROOKLYN,63,40.617669,-73.928695
BROOKLYN,70,40.653684,-73.957809
BROOKLYN,60,40.576087,-73.983569
QUEENS,109,40.757876,-73.8081
QUEENS,113,40.688578,-73.793131
QUEENS,114,40.765766,-73.93266
BROOKLYN,67,40.655499,-73.938525
BROOKLYN,68,40.63346923,-74.02101185
BRONX,45,40.860752,-73.82485
QUEENS,108,40.7431245994984,-73.9560680726795
QUEENS,102,40.691874,-73.832624
BROOKLYN,67,40.6513263,-73.93905217
STATEN ISLAND,121,40.629505,-74.13029
QUEENS,114,40.760781,-73.934145
QUEENS,110,40.745617,-73.874335
STATEN ISLAND,122,40.588261,-74.101138
BROOKLYN,75,40.65838,-73.886185
BRONX,44,40.84022585,-73.91768268
MANHATTAN,24,40.799032,-73.960261
BROOKLYN,72,40.646357,-74.010866
BROOKLYN,83,40.688081,-73.917598
MANHATTAN,13,40.737533,-73.991279
BROOKLYN,63,40.611762,-73.923915
BROOKLYN,75,40.680366,-73.87998
BRONX,44,40.843123,-73.924718
BROOKLYN,72,40.641229,-74.005397
MANHATTAN,9,40.728294,-73.987897
BROOKLYN,78,40.669174,-73.98801
MANHATTAN,26,40.81076448,-73.95259015
STATEN ISLAND,122,40.567366,-74.112885
MANHATTAN,34,40.850772,-73.933481
BROOKLYN,76,40.688785,-73.992809
STATEN ISLAND,121,40.587393,-74.191043
BROOKLYN,70,40.64059027,-73.95428207
MANHATTAN,10,40.74538352,-73.99470933
BROOKLYN,60,40.589565,-73.985146
BROOKLYN,77,40.6685062,-73.92560517
QUEENS,114,40.7755993,-73.93615109
QUEENS,113,40.65497633,-73.78965488
STATEN ISLAND,120,40.627757,-74.10307
MANHATTAN,34,40.857287,-73.932339
BROOKLYN,67,40.659574,-73.929266
MANHATTAN,7,40.722592,-73.987502
MANHATTAN,30,40.82964997,-73.94438132
BROOKLYN,69,40.654368,-73.899046
BROOKLYN,75,40.668884,-73.870314
BROOKLYN,67,40.640475,-73.948465
MANHATTAN,23,40.794556,-73.946715
QUEENS,102,40.686094,-73.835602
MANHATTAN,9,40.723338,-73.98552
MANHATTAN,24,40.801287,-73.970778
MANHATTAN,25,40.802573,-73.935196
MANHATTAN,30,40.827701,-73.942644
BRONX,40,40.80731,-73.908696
MANHATTAN,18,40.760463,-73.984675
MANHATTAN,1,40.725222,-73.998097
BROOKLYN,83,40.695242,-73.914086
MANHATTAN,23,40.795817,-73.946839
MANHATTAN,1,40.724723,-74.005969
MANHATTAN,25,40.799645,-73.945105
BROOKLYN,62,40.617195,-73.986964
BRONX,43,40.833526,-73.860565
MANHATTAN,7,40.71122963,-73.98478542
BRONX,44,40.836626,-73.918948
BROOKLYN,75,40.645001,-73.879488
BROOKLYN,71,40.664162,-73.946816
MANHATTAN,33,40.838381,-73.936442
QUEENS,101,40.606749,-73.764079
MANHATTAN,18,40.76166823,-73.97491556
MANHATTAN,33,40.8329,-73.940166
QUEENS,110,40.741577,-73.880642
BROOKLYN,75,40.656198,-73.89619
QUEENS,101,40.60000117,-73.76708377
BROOKLYN,68,40.629754,-74.021064
BROOKLYN,69,40.643606,-73.912272
MANHATTAN,1,40.71208961,-74.0057389
MANHATTAN,32,40.833461,-73.935449
MANHATTAN,34,40.851363,-73.933051
BRONX,45,40.833881,-73.816562
BROOKLYN,70,40.64776661,-73.95815105
QUEENS,109,40.762453,-73.823771
BROOKLYN,70,40.632787,-73.95092
MANHATTAN,34,40.85306334,-73.93099439
BROOKLYN,73,40.661932,-73.913146
BROOKLYN,62,40.604394,-73.997885
QUEENS,113,40.673007,-73.781424
QUEENS,113,40.690806,-73.749273
QUEENS,103,40.706782,-73.791131
MANHATTAN,14,40.74785369,-73.99290823
MANHATTAN,25,40.802267,-73.944245
QUEENS,108,40.746884,-73.956433
MANHATTAN,18,40.758233,-73.977429
MANHATTAN,32,40.81379,-73.940092
BROOKLYN,72,40.656043,-74.004263
BROOKLYN,81,40.692861,-73.938511
MANHATTAN,26,40.813009,-73.956544
MANHATTAN,7,40.71407,-73.982649
QUEENS,103,40.703961,-73.789597
STATEN ISLAND,123,40.561493,-74.182581
BRONX,42,40.835094,-73.908048
BROOKLYN,67,40.654253,-73.948483
BROOKLYN,76,40.67476913,-74.00045063
QUEENS,102,40.690659,-73.864498
MANHATTAN,10,40.749947,-73.998818
BROOKLYN,75,40.667681,-73.860442
QUEENS,110,40.744204,-73.885609
STATEN ISLAND,122,40.59608,-74.062042
MANHATTAN,28,40.799154,-73.951774
MANHATTAN,14,40.746756,-73.981589
MANHATTAN,33,40.83406096,-73.94487994
BROOKLYN,67,40.634274,-73.943447
MANHATTAN,10,40.74347,-74.005392
BRONX,44,40.832182,-73.916323
MANHATTAN,9,40.725196,-73.979586
STATEN ISLAND,120,40.645104,-74.07889
MANHATTAN,9,40.724951,-73.993251
BROOKLYN,79,40.683466,-73.948515
BROOKLYN,70,40.64094117,-73.96050106
MANHATTAN,13,40.745412,-73.992842
BROOKLYN,94,40.720192,-73.958534
MANHATTAN,17,40.758979,-73.96554
BRONX,42,40.832335,-73.887589
QUEENS,113,40.66619222,-73.79305833
BRONX,42,40.831739,-73.885881
BROOKLYN,62,40.608118,-73.996404
BRONX,41,40.82759,-73.895829
QUEENS,107,40.724214,-73.776504
BROOKLYN,73,40.66096,-73.91433
BRONX,44,40.835291,-73.929033
BROOKLYN,79,40.697402,-73.951287
BROOKLYN,75,40.654114,-73.889479
STATEN ISLAND,123,40.539189,-74.223178
BROOKLYN,71,40.662398,-73.961911
BROOKLYN,61,40.588027,-73.943399
BRONX,42,40.825647,-73.911553
BROOKLYN,73,40.668928,-73.915891
MANHATTAN,18,40.76285621,-73.98941229
BROOKLYN,75,40.671688,-73.892871
MANHATTAN,25,40.799647,-73.941932
STATEN ISLAND,120,40.638655,-74.086122
QUEENS,114,40.75661,-73.903541
BROOKLYN,73,40.683035,-73.91314
STATEN ISLAND,123,40.553029,-74.181973
MANHATTAN,28,40.80237,-73.949435
MANHATTAN,25,40.8009303727402,-73.9410982410066
BROOKLYN,75,40.679135,-73.862816
MANHATTAN,13,40.745739,-73.990743
MANHATTAN,18,40.757346,-73.980181
BROOKLYN,71,40.667635,-73.950711
BROOKLYN,94,40.720473,-73.947042
BROOKLYN,75,40.677435,-73.895769
(null),7,40.721562,-73.988828
QUEENS,103,40.69901649,-73.80695652
BROOKLYN,72,40.643398,-74.015782
BRONX,44,40.83127,-73.914267
BROOKLYN,71,40.66802063,-73.95892778
BRONX,43,40.827076,-73.862406
BRONX,43,40.830254,-73.876699
MANHATTAN,33,40.833569,-73.938825
MANHATTAN,9,40.724589,-73.97538
QUEENS,100,40.581697,-73.830487
BRONX,43,40.831577,-73.850957
BROOKLYN,75,40.66979689,-73.87056172
MANHATTAN,13,40.734711,-73.989936
MANHATTAN,25,40.799633,-73.946168
BROOKLYN,83,40.698491,-73.934375
BROOKLYN,94,40.722549,-73.940134
BROOKLYN,79,40.68900139556,-73.9450265328727
BROOKLYN,63,40.6304465,-73.9291206
BROOKLYN,79,40.698703,-73.939861
BRONX,43,40.829377,-73.875059
BRONX,44,40.833445,-73.914526
QUEENS,114,40.783667,-73.916542
MANHATTAN,1,40.724724,-74.002278
QUEENS,113,40.667598,-73.789285
MANHATTAN,23,40.7874418,-73.94477047
QUEENS,114,40.76165,-73.915727
QUEENS,116,40.676842,-73.745275
BROOKLYN,69,40.638201,-73.897465
MANHATTAN,26,40.815333,-73.959211
MANHATTAN,10,40.743158,-74.007466
QUEENS,105,40.712005,-73.730728
BROOKLYN,75,40.672815,-73.871674
STATEN ISLAND,121,40.633713,-74.15812
BROOKLYN,75,40.67376,-73.878804
MANHATTAN,1,40.720974,-74.008409
QUEENS,105,40.7086,-73.741023
MANHATTAN,23,40.786215,-73.951742
QUEENS,112,40.7226409964758,-73.8515418216779
QUEENS,108,40.744146,-73.919454
QUEENS,114,40.758159,-73.92628
QUEENS,110,40.744174,-73.890915
BROOKLYN,81,40.67927614,-73.92905788
BRONX,44,40.82781161,-73.92592932
QUEENS,109,40.791695,-73.851143
BROOKLYN,70,40.637777,-73.964721
MANHATTAN,23,40.786591,-73.940799
BRONX,43,40.833494,-73.858396
QUEENS,106,40.689832,-73.815178
BROOKLYN,72,40.6581577535544,-74.0004411548878
QUEENS,103,40.705629,-73.802158
BROOKLYN,62,40.610564,-74.010396
BROOKLYN,77,40.681675,-73.967054
MANHATTAN,30,40.8274,-73.950638
BROOKLYN,84,40.69056159,-73.98510385
BROOKLYN,62,40.618496,-73.992699
BRONX,43,40.834715,-73.870421
BROOKLYN,73,40.67858725,-73.90612894
MANHATTAN,26,40.8128599,-73.96340468
STATEN ISLAND,120,40.643228,-74.075922
QUEENS,103,40.704777,-73.803358
BROOKLYN,77,40.672381,-73.964969
STATEN ISLAND,122,40.573932,-74.131449
BROOKLYN,75,40.664569,-73.886921
BROOKLYN,75,40.651776,-73.885547
BROOKLYN,73,40.66296672,-73.9061365
BRONX,41,40.825471,-73.892941
BROOKLYN,63,40.622837,-73.917614
QUEENS,109,40.78599863,-73.8457369
MANHATTAN,23,40.7880564,-73.94432217
BROOKLYN,69,40.638501,-73.893405
BROOKLYN,70,40.639758,-73.9561
BRONX,46,40.851851,-73.901191
MANHATTAN,20,40.784228,-73.973829
STATEN ISLAND,123,40.54155358,-74.20988735
BRONX,43,40.828402,-73.881514
MANHATTAN,14,40.756047,-73.984867
BRONX,44,40.830178,-73.918528
QUEENS,109,40.782277,-73.803894
QUEENS,104,40.708217,-73.905148
MANHATTAN,17,40.758045,-73.970195
QUEENS,115,40.756905,-73.872666
MANHATTAN,30,40.825839,-73.949029
MANHATTAN,10,40.746613,-73.995682
STATEN ISLAND,120,40.646654,-74.083904
QUEENS,105,40.72415848,-73.75496787
BROOKLYN,70,40.635079,-73.948881
BROOKLYN,66,40.643961,-73.979663
MANHATTAN,7,40.720177,-73.986456
MANHATTAN,20,40.787994,-73.976781
BROOKLYN,60,40.57556814,-73.98121659
BROOKLYN,70,40.648929,-73.962977
MANHATTAN,26,40.815414,-73.9585
BROOKLYN,83,40.7043102,-73.91923188
BROOKLYN,72,40.648204,-74.012418
BROOKLYN,81,40.690662,-73.938074
BRONX,43,40.82617571,-73.84969787
BROOKLYN,62,40.612047,-73.981465
QUEENS,102,40.69932415739,-73.831570887672
QUEENS,107,40.722329,-73.825408
MANHATTAN,24,40.793674,-73.972509
MANHATTAN,32,40.82916325,-73.93726683
BROOKLYN,79,40.679846,-73.939383
STATEN ISLAND,121,40.640493,-74.168546
BROOKLYN,84,40.701983,-73.98672
BROOKLYN,61,40.614515,-73.947001
(null),24,40.78988,-73.977134
BROOKLYN,76,40.684032,-74.004417
BROOKLYN,61,40.5940190586592,-73.9608543158447
QUEENS,113,40.676105,-73.795704
BRONX,40,40.815326,-73.915864
BROOKLYN,75,40.656873,-73.894226
BROOKLYN,76,40.675755,-74.005247
MANHATTAN,17,40.756612,-73.968729
MANHATTAN,18,40.767716,-73.981954
MANHATTAN,7,40.71772387,-73.98576515
BROOKLYN,83,40.698331,-73.917496
BROOKLYN,81,40.680542,-73.931575
BROOKLYN,73,40.657256,-73.906583
QUEENS,105,40.711795,-73.745651
QUEENS,103,40.696651,-73.788008
QUEENS,109,40.754852,-73.821326
QUEENS,105,40.705447,-73.74832
BRONX,44,40.82995783,-73.93008607
QUEENS,108,40.744313,-73.954817
BRONX,42,40.829391,-73.890877
BROOKLYN,61,40.609344,-73.968365
QUEENS,106,40.669751,-73.803572
QUEENS,108,40.736484,-73.920985
MANHATTAN,30,40.825456,-73.951169
MANHATTAN,25,40.784153,-73.932207
BROOKLYN,79,40.67983117,-73.95829317
MANHATTAN,9,40.733074,-73.988777
MANHATTAN,32,40.826947,-73.938921
QUEENS,108,40.7431564,-73.9187012
MANHATTAN,23,40.791881,-73.938423
BRONX,43,40.825313,-73.875545
STATEN ISLAND,122,40.575476,-74.102729
BRONX,47,40.906448,-73.848955
BROOKLYN,78,40.665185,-73.978038
MANHATTAN,24,40.791881,-73.968247
MANHATTAN,1,40.70775518,-74.01170429
QUEENS,103,40.707957,-73.790203
BRONX,47,40.902345,-73.843197
MANHATTAN,30,40.8264277,-73.95045075
BRONX,47,40.88709745,-73.86086203
BRONX,50,40.90386675,-73.90311209
BRONX,47,40.891889,-73.852618
QUEENS,103,40.704236,-73.793321
BRONX,41,40.826266,-73.890439
BRONX,47,40.895718,-73.8495153
BRONX,52,40.8797,-73.885798
MANHATTAN,1,40.70732,-74.010967
BROOKLYN,76,40.676591,-73.991121
QUEENS,103,40.70745,-73.773053
BRONX,41,40.826807,-73.890444
MANHATTAN,18,40.757381,-73.984126
BRONX,47,40.897547,-73.853892
QUEENS,103,40.69333,-73.791543
BROOKLYN,67,40.647963,-73.948291
MANHATTAN,24,40.793044,-73.972962
BRONX,50,40.889875,-73.898077
BROOKLYN,83,40.700704,-73.925708
BROOKLYN,63,40.625588,-73.94665
BROOKLYN,73,40.671698,-73.914584
BROOKLYN,67,40.661764,-73.929949
MANHATTAN,23,40.789168,-73.938964
QUEENS,108,40.743631,-73.894894
MANHATTAN,32,40.82763361,-73.93575789
BRONX,47,40.892673,-73.855079
BROOKLYN,77,40.677496,-73.931701
BRONX,43,40.82858179,-73.87917076
BROOKLYN,78,40.68405249,-73.97745785
BROOKLYN,77,40.676543,-73.921864
QUEENS,113,40.673236,-73.789453
QUEENS,114,40.782463,-73.9125
MANHATTAN,18,40.766661,-73.980632
QUEENS,101,40.605939,-73.75828
BRONX,52,40.881755,-73.882355
BROOKLYN,90,40.706916,-73.96009
MANHATTAN,6,40.735667,-73.993869
BROOKLYN,88,40.685775,-73.964253
MANHATTAN,26,40.813905,-73.953094
QUEENS,106,40.68142027,-73.8336698
MANHATTAN,32,40.827016,-73.938135
BROOKLYN,75,40.676951,-73.874822
BRONX,42,40.826112,-73.904608
BROOKLYN,66,40.637709,-73.969588
MANHATTAN,32,40.826382,-73.935619
BRONX,47,40.881715,-73.862149
QUEENS,109,40.756759,-73.826433
BRONX,50,40.88292,-73.89372
QUEENS,115,40.7565675846374,-73.8759315341335
QUEENS,114,40.756711,-73.917539
BROOKLYN,66,40.63449,-73.976662
BROOKLYN,90,40.705339,-73.964002
MANHATTAN,20,40.782825,-73.980644
MANHATTAN,19,40.766517,-73.954
BRONX,47,40.887333,-73.847248
QUEENS,110,40.74764,-73.85886
QUEENS,100,40.584381,-73.817465
MANHATTAN,18,40.763522,-73.987073
BROOKLYN,68,40.62504754,-74.0244495
QUEENS,108,40.735956,-73.933719
QUEENS,116,40.668298,-73.753025
QUEENS,106,40.681402,-73.829495
MANHATTAN,30,40.827494,-73.945057
BRONX,47,40.886142,-73.844996
BROOKLYN,60,40.58367,-73.962335
BRONX,43,40.814617,-73.856539
BRONX,41,40.822804,-73.900326
BRONX,46,40.859829,-73.898564
QUEENS,109,40.782464,-73.844075
QUEENS,108,40.742463,-73.904365
MANHATTAN,23,40.78999,-73.946884
BRONX,46,40.853793,-73.913062
BRONX,41,40.81383219,-73.89363358
BRONX,43,40.828441,-73.854962
BROOKLYN,75,40.658267,-73.899014
BRONX,47,40.898671,-73.854844
QUEENS,109,40.77680619,-73.80079515
BRONX,50,40.899833,-73.897112
QUEENS,115,40.76374182,-73.86336509
BROOKLYN,90,40.70271304,-73.9373173
MANHATTAN,24,40.793059,-73.972026
BRONX,43,40.824847,-73.854119
MANHATTAN,14,40.75603526,-73.98694809
BRONX,46,40.85352329,-73.90272273
BROOKLYN,73,40.679066,-73.915067
BRONX,45,40.816466,-73.82196
MANHATTAN,30,40.82403172,-73.94475817
STATEN ISLAND,120,40.61639619,-74.11744833
MANHATTAN,18,40.75797289,-73.98553636
MANHATTAN,14,40.75253,-73.993223
MANHATTAN,23,40.790718,-73.95057
BRONX,43,40.82975345,-73.87373033
BRONX,42,40.83138511,-73.90683844
MANHATTAN,18,40.765085,-73.98302
STATEN ISLAND,120,40.615969,-74.067518
BROOKLYN,67,40.65847841,-73.92817174
QUEENS,106,40.681379,-73.821785
BRONX,41,40.8209858,-73.89161332
BRONX,47,40.894529,-73.85676
BROOKLYN,83,40.696725,-73.925517
BRONX,47,40.884266,-73.844228
(null),18,40.768786,-73.988806
QUEENS,114,40.78009016,-73.91939271
BRONX,40,40.816336,-73.918669
BRONX,44,40.833218,-73.927556
BRONX,47,40.889943,-73.837778
BROOKLYN,90,40.705388,-73.944629
BRONX,49,40.8598,-73.851663
QUEENS,106,40.687696,-73.808666
BRONX,47,40.88092177,-73.84980917
BRONX,52,40.87966,-73.881914
QUEENS,114,40.773247,-73.926241
QUEENS,102,40.691576,-73.847168
MANHATTAN,6,40.734305,-73.99369
BRONX,47,40.889972,-73.854203
BROOKLYN,77,40.675414,-73.937462
BROOKLYN,63,40.636228,-73.924825
BRONX,47,40.87981,-73.852259
BROOKLYN,60,40.575235,-73.985047
BRONX,41,40.820594,-73.89115
BROOKLYN,75,40.66441274,-73.88726114
BRONX,47,40.8808,-73.859269
MANHATTAN,5,40.714831,-73.993677
BROOKLYN,67,40.647928,-73.954582
MANHATTAN,19,40.769132,-73.952091
QUEENS,107,40.7175096,-73.78028749
BRONX,47,40.898204,-73.85086
QUEENS,105,40.696257,-73.745711
BRONX,42,40.823335,-73.913355
BROOKLYN,77,40.668978,-73.925546
BROOKLYN,73,40.671168,-73.909688
BRONX,47,40.879859,-73.863419
MANHATTAN,32,40.81433,-73.944422
BRONX,47,40.88024132,-73.86324863
QUEENS,109,40.771099,-73.801111
BRONX,40,40.817404,-73.915761
BRONX,52,40.859673,-73.904279
BRONX,50,40.88509925,-73.90064767
QUEENS,102,40.696483,-73.844789
BRONX,47,40.878842,-73.850663
BROOKLYN,66,40.6399954,-74.00487514
MANHATTAN,13,40.73443438,-73.98990393
BRONX,49,40.871515,-73.848263
QUEENS,114,40.772879,-73.914685
MANHATTAN,1,40.723617,-73.99999
MANHATTAN,1,40.707128,-74.005244
BROOKLYN,70,40.64399838,-73.96779258
MANHATTAN,6,40.737965,-73.998264
BRONX,50,40.875315,-73.910254
MANHATTAN,17,40.754314,-73.973963
QUEENS,100,40.581042,-73.839475
BROOKLYN,66,40.635936,-73.9792
BRONX,43,40.8229123084767,-73.8700413043181
BRONX,47,40.886861,-73.862684
QUEENS,106,40.680588,-73.83823
BROOKLYN,68,40.614263,-74.025624
BROOKLYN,67,40.654638,-73.929679
BRONX,49,40.872853,-73.852185
QUEENS,114,40.769957,-73.908923
QUEENS,105,40.701512,-73.74457
MANHATTAN,20,40.770743,-73.987382
QUEENS,103,40.704477,-73.797356
MANHATTAN,9,40.721788,-73.97898
MANHATTAN,32,40.821862,-73.94264
BRONX,50,40.870042,-73.903112
BROOKLYN,70,40.636019,-73.951675
QUEENS,114,40.757388,-73.908668
MANHATTAN,1,40.718755,-74.009867
BROOKLYN,63,40.606612,-73.925347
QUEENS,106,40.686557,-73.812068
MANHATTAN,1,40.706327,-74.012882
BRONX,43,40.823885,-73.844428
BROOKLYN,75,40.66392463,-73.89960379
QUEENS,106,40.676213,-73.819663
MANHATTAN,17,40.743172,-73.976985
MANHATTAN,6,40.73352,-74.003533
BROOKLYN,75,40.680804,-73.882959
BROOKLYN,67,40.653242,-73.952745
BROOKLYN,81,40.681474,-73.933255
BROOKLYN,90,40.70757732,-73.9288366
BROOKLYN,71,40.657006,-73.960191
QUEENS,112,40.72145346,-73.84397787
MANHATTAN,1,40.71990405,-74.00260102
BRONX,49,40.873142,-73.853118
MANHATTAN,18,40.77146406,-73.99434623
QUEENS,104,40.716515,-73.876267
BRONX,50,40.878257,-73.903017
BROOKLYN,78,40.681843,-73.983063
BROOKLYN,73,40.680837,-73.912703
BRONX,40,40.817089,-73.928879
BRONX,50,40.877414,-73.905905
BRONX,47,40.869453,-73.834691
MANHATTAN,14,40.75219043,-73.99346359
BRONX,44,40.83262823,-73.92537469
BRONX,52,40.873082,-73.889003
BRONX,47,40.876345,-73.851329
BRONX,52,40.87414,-73.874268
MANHATTAN,14,40.752264,-73.991558
QUEENS,101,40.607678,-73.752062
STATEN ISLAND,120,40.634248,-74.120936
(null),13,40.739877,-73.996869
QUEENS,103,40.695568,-73.808718
QUEENS,106,40.654908,-73.851503
BRONX,47,40.87618214,-73.85444837
QUEENS,114,40.771731,-73.916091
BROOKLYN,90,40.707949,-73.961065
BROOKLYN,60,40.576333,-73.964067
STATEN ISLAND,122,40.60213683,-74.11487001
MANHATTAN,18,40.766938,-73.986433
BRONX,49,40.8595649,-73.86742683
BRONX,46,40.85481,-73.906453
BRONX,43,40.833507,-73.866639
BROOKLYN,90,40.70588893,-73.94296613
QUEENS,114,40.762615,-73.916042
MANHATTAN,7,40.717187,-73.988914
BRONX,47,40.884615,-73.866119
MANHATTAN,34,40.870604,-73.916361
BRONX,47,40.874167,-73.865612
BRONX,50,40.873392,-73.900629
BROOKLYN,81,40.68268103,-73.92266889
MANHATTAN,14,40.751978,-73.989915
QUEENS,104,40.732868,-73.888343
QUEENS,109,40.779579,-73.806069
BROOKLYN,83,40.68963,-73.914324
QUEENS,101,40.60289201,-73.75035322
BROOKLYN,72,40.636924,-74.008083
BRONX,52,40.861504,-73.909764
QUEENS,112,40.714845,-73.831846
MANHATTAN,34,40.86510713,-73.91844727
BROOKLYN,79,40.680738,-73.949637
STATEN ISLAND,123,40.553258,-74.191893
QUEENS,105,40.75355771,-73.7036103
STATEN ISLAND,123,40.546434,-74.174578
BROOKLYN,75,40.664835,-73.893548
BRONX,49,40.867928,-73.868769
BROOKLYN,75,40.660806,-73.899237
MANHATTAN,26,40.81873559,-73.96108198
MANHATTAN,19,40.765087,-73.953598
BROOKLYN,61,40.58817221,-73.95245294
BROOKLYN,69,40.634647,-73.890627
BRONX,52,40.864725,-73.890684
STATEN ISLAND,120,40.62112,-74.082049
QUEENS,106,40.687101,-73.824594
BROOKLYN,66,40.640355,-73.986585
MANHATTAN,1,40.71443,-74.006101
BRONX,48,40.854153,-73.886039
BRONX,41,40.817379,-73.887234
QUEENS,116,40.657369,-73.768776
BRONX,48,40.857647,-73.891111
QUEENS,108,40.747058,-73.902141
BROOKLYN,78,40.669017,-73.979817
BROOKLYN,75,40.667374,-73.872323
STATEN ISLAND,122,40.56066,-74.149458
BROOKLYN,79,40.680689,-73.943382
BRONX,49,40.866005,-73.87044
STATEN ISLAND,121,40.587186,-74.164528
MANHATTAN,13,40.740237,-73.989487
MANHATTAN,1,40.718938,-74.011423
BRONX,49,40.863089,-73.860162
MANHATTAN,7,40.715833,-73.986296
BRONX,52,40.86332983,-73.89919792
MANHATTAN,5,40.716345,-74.001252
STATEN ISLAND,120,40.608919,-74.062312
BROOKLYN,83,40.699112,-73.910285
QUEENS,114,40.752011,-73.935874
QUEENS,103,40.70720247,-73.79487872
MANHATTAN,14,40.752885,-73.991112
BRONX,52,40.864376,-73.901565
BROOKLYN,83,40.701535,-73.93591
QUEENS,103,40.706292,-73.79642
BRONX,49,40.868701,-73.861467
BRONX,52,40.862525,-73.89826
BRONX,42,40.832267,-73.900093
BRONX,44,40.820068,-73.930566
BROOKLYN,72,40.644676,-74.012614
QUEENS,114,40.769592,-73.925269
BRONX,40,40.819025,-73.90672
QUEENS,115,40.753451,-73.878353
BRONX,49,40.868618,-73.848999
BRONX,52,40.86273501,-73.90332024
BROOKLYN,72,40.656604,-74.00368
BROOKLYN,81,40.67942,-73.922054
BROOKLYN,73,40.65564,-73.911541
QUEENS,113,40.68527886,-73.77239993
MANHATTAN,19,40.776647,-73.959781
BRONX,52,40.86632804,-73.8883578
QUEENS,105,40.714765,-73.750885
BROOKLYN,83,40.68944,-73.918026
BROOKLYN,73,40.658443,-73.909792
STATEN ISLAND,122,40.594977,-74.103045
QUEENS,106,40.6832034,-73.82741333
BRONX,43,40.820437,-73.86513
QUEENS,110,40.741858,-73.850692
BRONX,52,40.866324,-73.887069
BROOKLYN,66,40.637337,-73.972962
BRONX,49,40.86291943,-73.85203346
BRONX,52,40.861418,-73.907385
BRONX,52,40.862751,-73.904128
MANHATTAN,14,40.75417,-73.982504
STATEN ISLAND,122,40.597138,-74.067007
BROOKLYN,75,40.66778375,-73.86241897
BROOKLYN,81,40.688363,-73.925475
QUEENS,104,40.700545,-73.8933
BRONX,47,40.868192,-73.833582
BROOKLYN,67,40.658303,-73.922311
QUEENS,113,40.656503,-73.770671
QUEENS,102,40.700177,-73.833238
BROOKLYN,77,40.66591778,-73.92546388
QUEENS,105,40.733778,-73.724902
BRONX,47,40.867556,-73.839555
MANHATTAN,34,40.854006,-73.930312
QUEENS,116,40.661393,-73.756002
MANHATTAN,18,40.768089,-73.982391
BRONX,46,40.854558,-73.908896
MANHATTAN,17,40.75450482,-73.96569623
BRONX,52,40.86847,-73.901729
BRONX,52,40.866526,-73.892623
QUEENS,104,40.724137,-73.869032
QUEENS,103,40.70396,-73.796549
QUEENS,105,40.704321,-73.746822
QUEENS,104,40.705214,-73.865928
BROOKLYN,63,40.615744,-73.899206
BROOKLYN,76,40.685766,-73.998636
BRONX,48,40.853939,-73.892438
QUEENS,112,40.7253,-73.854876
BRONX,49,40.859099,-73.853092
QUEENS,100,40.579088,-73.83569
QUEENS,110,40.74184182,-73.88100252
QUEENS,106,40.650258,-73.835682
BRONX,52,40.86607022,-73.89438159
BRONX,41,40.82102004,-73.88724513
MANHATTAN,10,40.73975138,-74.00252241
QUEENS,105,40.742089,-73.710082
BRONX,40,40.81801249,-73.92518514
MANHATTAN,23,40.78869537,-73.9378611
BRONX,48,40.853634,-73.895956
STATEN ISLAND,120,40.635248,-74.094616
MANHATTAN,23,40.797698,-73.944421
BRONX,45,40.867845,-73.831296
BROOKLYN,90,40.71007,-73.962715
QUEENS,103,40.694016,-73.804199
BRONX,49,40.868984,-73.843373
QUEENS,111,40.752151,-73.791989
BROOKLYN,63,40.634246,-73.922697
BROOKLYN,75,40.660444,-73.879139
QUEENS,114,40.754934,-73.91039
BROOKLYN,67,40.654072,-73.95138
BRONX,52,40.860334,-73.910464
MANHATTAN,14,40.753463,-73.994399
BROOKLYN,88,40.688679,-73.97772
MANHATTAN,10,40.75296,-74.00405
BRONX,41,40.819081,-73.900845
BRONX,49,40.853648,-73.84163
BRONX,46,40.858396,-73.900567
MANHATTAN,19,40.768497,-73.952555
BRONX,46,40.85419,-73.899789
BROOKLYN,68,40.6372129,-74.02219844
QUEENS,114,40.754164,-73.944653
MANHATTAN,18,40.76651,-73.982364
QUEENS,114,40.753581,-73.914005
BRONX,49,40.855573,-73.86572
MANHATTAN,19,40.7629,-73.958113
BROOKLYN,83,40.700454,-73.914828
MANHATTAN,32,40.817545,-73.942072
BRONX,41,40.816629,-73.888508
MANHATTAN,9,40.731858,-73.983752
BRONX,43,40.818824,-73.849562
BRONX,48,40.854039,-73.884046
BRONX,48,40.856711,-73.891902
BROOKLYN,81,40.681373,-73.921075
BROOKLYN,84,40.686996,-73.980816
BROOKLYN,70,40.634229,-73.949114
BRONX,48,40.858984,-73.889063
BROOKLYN,72,40.657054,-73.981754
MANHATTAN,34,40.85509,-73.938337
BROOKLYN,84,40.685585,-73.979274
BROOKLYN,75,40.666095,-73.868645
BROOKLYN,72,40.649732,-73.974802
BROOKLYN,63,40.615689,-73.913495
BROOKLYN,77,40.67034097,-73.94210613
QUEENS,105,40.735841,-73.709712
QUEENS,103,40.70058232,-73.80774181
QUEENS,112,40.732855,-73.863883
QUEENS,114,40.764117,-73.919238
BROOKLYN,71,40.662286,-73.945591
BROOKLYN,77,40.673052,-73.943245
BRONX,49,40.860855,-73.866976
QUEENS,105,40.70118815,-73.74147011
BRONX,46,40.856122,-73.908619
BRONX,46,40.856402,-73.899371
BRONX,40,40.817561,-73.905975
MANHATTAN,34,40.85371674,-73.92680055
MANHATTAN,6,40.734786,-74.003952
MANHATTAN,10,40.752052,-74.002854
BRONX,40,40.819211,-73.91635
BROOKLYN,81,40.686604,-73.934276
BRONX,46,40.859002,-73.899027
BRONX,46,40.858729,-73.901539
MANHATTAN,1,40.70627854,-74.01118826
QUEENS,103,40.696284,-73.804359
QUEENS,107,40.733139,-73.787051
QUEENS,115,40.7550297,-73.8726917
BROOKLYN,81,40.67887059,-73.9216458
QUEENS,102,40.689773,-73.835754
BRONX,40,40.816777,-73.91529
MANHATTAN,18,40.764433,-73.988266
MANHATTAN,5,40.710782,-73.996632
QUEENS,101,40.6077768,-73.75244182
STATEN ISLAND,120,40.63777181,-74.07601437
BRONX,41,40.817148,-73.884781
BROOKLYN,75,40.660591,-73.883507
QUEENS,107,40.713136,-73.802842
BROOKLYN,75,40.657787,-73.89002
MANHATTAN,13,40.732213,-73.978373
QUEENS,101,40.592111,-73.78775
MANHATTAN,34,40.85827327,-73.93181682
BRONX,48,40.858039,-73.889888
BRONX,46,40.858059,-73.899587
QUEENS,115,40.764745,-73.881352
STATEN ISLAND,120,40.62635,-74.130689
BRONX,40,40.812701,-73.921625
QUEENS,103,40.701485,-73.807905
MANHATTAN,34,40.853693,-73.93395
MANHATTAN,18,40.762977,-73.976073
BROOKLYN,79,40.680349,-73.948645
MANHATTAN,19,40.763801,-73.967044
QUEENS,104,40.713099,-73.909311
BRONX,41,40.81199,-73.880965
BRONX,49,40.85558,-73.863838
QUEENS,114,40.76464,-73.940833
BRONX,46,40.853825,-73.907918
QUEENS,109,40.752858,-73.806891
BRONX,41,40.81538,-73.887655
BROOKLYN,63,40.609015,-73.921605
BRONX,41,40.814664,-73.897179
QUEENS,104,40.732551,-73.901087
BRONX,49,40.86116429,-73.85756861
QUEENS,100,40.58149277,-73.82954099
QUEENS,106,40.665351,-73.851088
STATEN ISLAND,121,40.633455,-74.147028
BRONX,40,40.81603216,-73.90808104
MANHATTAN,13,40.739725,-73.976477
BRONX,52,40.859974,-73.905133
QUEENS,110,40.735894,-73.880023
BROOKLYN,67,40.65015,-73.944675
QUEENS,107,40.70903,-73.818915
QUEENS,107,40.713439,-73.79693
BRONX,40,40.814113,-73.917181
MANHATTAN,18,40.7650240788333,-73.9848359497083
QUEENS,107,40.711617,-73.796043
QUEENS,105,40.71294417,-73.74523007
MANHATTAN,32,40.813421,-73.943227
BROOKLYN,77,40.67371,-73.930658
QUEENS,111,40.765936,-73.744945
BROOKLYN,63,40.605306,-73.914341
MANHATTAN,34,40.86066572,-73.92170275
BRONX,52,40.859501,-73.904904
BRONX,40,40.820093,-73.901448
MANHATTAN,32,40.813488,-73.950108
BRONX,46,40.855641,-73.912447
QUEENS,109,40.776469,-73.818188
MANHATTAN,6,40.735999,-73.995731
BRONX,40,40.813936,-73.908828
QUEENS,109,40.7542,-73.832963
QUEENS,104,40.712938,-73.917415
BROOKLYN,73,40.658119,-73.90146
MANHATTAN,5,40.71414,-73.996143
BROOKLYN,73,40.667368,-73.903383
BROOKLYN,79,40.683067,-73.951983
MANHATTAN,6,40.7338967584511,-74.0053958373447
MANHATTAN,34,40.85048,-73.935591
MANHATTAN,34,40.847734,-73.933079
BRONX,49,40.85963239,-73.8445358
QUEENS,114,40.753292,-73.937556
QUEENS,108,40.739923,-73.958639
QUEENS,104,40.7044350296655,-73.8937807141634
QUEENS,101,40.596574,-73.7631
MANHATTAN,17,40.751761,-73.973732
BROOKLYN,61,40.59528971,-73.94673701
MANHATTAN,10,40.753667,-73.996954
BRONX,48,40.855576,-73.883685
QUEENS,109,40.765236,-73.828463
BRONX,40,40.812387,-73.904941
MANHATTAN,19,40.767202,-73.953501
QUEENS,116,40.666143,-73.772265
QUEENS,115,40.751975,-73.863773
BROOKLYN,66,40.637939,-73.990891
QUEENS,108,40.7518401,-73.90357142
MANHATTAN,14,40.7547,-73.993502
MANHATTAN,18,40.765344,-73.989456
QUEENS,109,40.767905,-73.840253
QUEENS,106,40.688756,-73.8123
BRONX,46,40.84945286,-73.90599986
MANHATTAN,34,40.856404,-73.930102
BROOKLYN,67,40.643401,-73.946364
BROOKLYN,70,40.612237,-73.953842
BROOKLYN,60,40.571858,-73.997878
BROOKLYN,60,40.576767,-74.004391
BROOKLYN,83,40.689203,-73.913571
QUEENS,112,40.736014,-73.849881
QUEENS,116,40.659075,-73.726851
MANHATTAN,13,40.734984,-73.988053
BRONX,46,40.85264415,-73.90841722
BROOKLYN,62,40.607415,-73.985796
BRONX,48,40.847495,-73.892732
BRONX,46,40.853304,-73.899665
BROOKLYN,61,40.607049,-73.958905
BROOKLYN,69,40.635571,-73.900112
MANHATTAN,34,40.85090739,-73.93828373
QUEENS,105,40.732576,-73.724288
BROOKLYN,75,40.671247,-73.866094
BRONX,41,40.811852,-73.902256
BROOKLYN,83,40.69994606,-73.91180787
BROOKLYN,75,40.675758,-73.883068
BROOKLYN,71,40.656101,-73.939078
QUEENS,114,40.753165,-73.921051
BRONX,46,40.85302757,-73.91825604
BROOKLYN,63,40.618417,-73.945293
BROOKLYN,75,40.653674,-73.867283
BRONX,49,40.85324,-73.853654
BROOKLYN,79,40.692529,-73.94139
BRONX,48,40.851194,-73.89884
QUEENS,115,40.764526,-73.864114
BRONX,46,40.85139627,-73.90287766
BROOKLYN,88,40.690507,-73.968287
BROOKLYN,68,40.622328,-74.035943
QUEENS,103,40.692189,-73.795755
QUEENS,113,40.6723793,-73.78574628
BRONX,43,40.814463,-73.865881
BRONX,49,40.851292,-73.852134
MANHATTAN,13,40.73521404,-73.99171521
BRONX,45,40.849714,-73.830374
MANHATTAN,14,40.751276,-73.982501
BROOKLYN,79,40.694402,-73.944662
QUEENS,104,40.703768,-73.877485
MANHATTAN,19,40.76508,-73.967168
QUEENS,110,40.752111,-73.836994
MANHATTAN,19,40.767692,-73.969478
QUEENS,103,40.712607,-73.770869
BROOKLYN,88,40.68741548,-73.95971271
BROOKLYN,66,40.635938,-73.974572
BRONX,45,40.847449,-73.828289
BRONX,40,40.81323333,-73.90907475
MANHATTAN,17,40.747974,-73.977538
QUEENS,103,40.70213305,-73.80444093
BROOKLYN,75,40.677254,-73.872368
BROOKLYN,73,40.656919,-73.904088
QUEENS,102,40.683428,-73.848984
QUEENS,102,40.69286,-73.815788
QUEENS,106,40.672896,-73.849546
BROOKLYN,72,40.65430947,-74.00441848
MANHATTAN,32,40.81338786,-73.94510298
QUEENS,109,40.76722262,-73.79361444
MANHATTAN,7,40.71920377,-73.99036439
BRONX,46,40.850497,-73.901017
QUEENS,106,40.679051,-73.849283
BROOKLYN,90,40.702987,-73.935941
BROOKLYN,66,40.634195,-73.992994
QUEENS,108,40.750127,-73.951747
BRONX,40,40.809193,-73.92519
BRONX,43,40.806283,-73.852859
BROOKLYN,73,40.663189,-73.910051
QUEENS,109,40.748411,-73.828822
BRONX,40,40.807242,-73.910504
BROOKLYN,75,40.649059,-73.88408
BROOKLYN,84,40.689967,-73.982122
BROOKLYN,77,40.671942,-73.947524
MANHATTAN,34,40.851656,-73.927617
BRONX,46,40.852375,-73.913524
QUEENS,107,40.733778,-73.777266
MANHATTAN,18,40.764149,-73.986614
QUEENS,106,40.687215,-73.817972
QUEENS,106,40.6806672,-73.84271766
BROOKLYN,73,40.65209659,-73.90855918
MANHATTAN,18,40.764222,-73.98097928
BROOKLYN,62,40.6022161657077,-74.0029507988395
MANHATTAN,18,40.7677586,-73.99326351
BRONX,46,40.847626,-73.903654
BROOKLYN,62,40.610655,-74.004721
QUEENS,114,40.763367,-73.917639
QUEENS,113,40.680077,-73.791103
BROOKLYN,61,40.592864,-73.939441
QUEENS,104,40.712737,-73.901421
BROOKLYN,69,40.652675,-73.896737
BRONX,46,40.851,-73.9099
BROOKLYN,60,40.585888,-73.973333
BRONX,40,40.805204,-73.913658
BRONX,49,40.852484,-73.855331
QUEENS,104,40.71333322,-73.91303824
MANHATTAN,34,40.848737,-73.9365
STATEN ISLAND,123,40.525001,-74.215033
BROOKLYN,84,40.692184,-73.985777
QUEENS,111,40.761434,-73.72666
QUEENS,103,40.69398,-73.794925
MANHATTAN,32,40.810638,-73.9434
MANHATTAN,5,40.72543198,-73.99677099
MANHATTAN,6,40.728989,-74.000814
BROOKLYN,68,40.615856,-74.031158
BROOKLYN,66,40.617803,-73.963852
QUEENS,110,40.751155,-73.857301
BROOKLYN,67,40.655914,-73.931841
BROOKLYN,68,40.631817,-74.027651
BROOKLYN,67,40.66274522,-73.92193147
BRONX,40,40.806477,-73.917726
MANHATTAN,14,40.750266,-73.987859
BRONX,44,40.842949,-73.921712
QUEENS,116,40.674616,-73.744558
STATEN ISLAND,123,40.533737,-74.15603
BROOKLYN,84,40.700089,-73.987325
MANHATTAN,9,40.7265156408036,-73.9882902437563
BRONX,40,40.807789,-73.905605
BROOKLYN,63,40.611726,-73.926126
STATEN ISLAND,123,40.527808,-74.232404
MANHATTAN,18,40.76045664,-73.98373096
QUEENS,103,40.71277524,-73.77200304
BROOKLYN,70,40.63404712,-73.96310282
QUEENS,100,40.5859433449759,-73.8161019228725
BROOKLYN,61,40.594873,-73.940817
STATEN ISLAND,120,40.623343,-74.095181
BROOKLYN,75,40.678116,-73.87413
MANHATTAN,7,40.718956,-73.987074
QUEENS,109,40.747856,-73.798144
MANHATTAN,18,40.760505,-73.981846
MANHATTAN,10,40.749208,-74.00185
BROOKLYN,66,40.635748,-73.97971
QUEENS,113,40.667548,-73.786867
BROOKLYN,70,40.644678,-73.961689
BROOKLYN,67,40.632956,-73.945744
BROOKLYN,77,40.67408,-73.929229
MANHATTAN,14,40.748462,-73.99433
QUEENS,114,40.760296,-73.921797
MANHATTAN,7,40.71405458,-73.99018838
MANHATTAN,30,40.822417,-73.952663
BRONX,40,40.80557,-73.925471
MANHATTAN,1,40.72825,-74.005372
MANHATTAN,28,40.80603,-73.956099
MANHATTAN,1,40.727698,-74.007263
QUEENS,115,40.750023,-73.865315
MANHATTAN,19,40.761804,-73.960371
MANHATTAN,9,40.725407,-73.994689
MANHATTAN,28,40.809172,-73.953806
STATEN ISLAND,121,40.623246,-74.149218
QUEENS,107,40.708904,-73.815083
QUEENS,102,40.692949,-73.85426
MANHATTAN,18,40.759057,-73.985223
QUEENS,116,40.66477,-73.776225
BROOKLYN,77,40.671722,-73.95172
BRONX,46,40.847276,-73.910442
BRONX,40,40.810032,-73.916618
QUEENS,101,40.610036,-73.753588
QUEENS,109,40.751279,-73.82374
BROOKLYN,71,40.656301,-73.956435
MANHATTAN,33,40.843852,-73.936823
BRONX,40,40.80555892,-73.91240844
MANHATTAN,25,40.804723,-73.938229
BROOKLYN,62,40.59582241,-73.98372066
QUEENS,103,40.703356,-73.814832
QUEENS,107,40.740262,-73.821663
BROOKLYN,63,40.62121672,-73.93538021
BRONX,44,40.841586,-73.917783
BRONX,40,40.805523,-73.918387
BRONX,48,40.846923,-73.881528
BROOKLYN,67,40.659443,-73.921124
MANHATTAN,9,40.726287,-73.987795
MANHATTAN,18,40.762394,-73.983423
MANHATTAN,26,40.806402,-73.96508
BRONX,48,40.842583,-73.89299
STATEN ISLAND,120,40.61271655,-74.08500459
QUEENS,103,40.700893,-73.807813
BRONX,46,40.846216,-73.909699
BROOKLYN,84,40.692264,-73.987744
QUEENS,115,40.75628666,-73.86072018
BROOKLYN,67,40.654875,-73.925872
QUEENS,113,40.680388,-73.779703
MANHATTAN,6,40.72751,-73.997807
QUEENS,108,40.74891559,-73.93739654
BRONX,49,40.845877,-73.868672
STATEN ISLAND,120,40.61683467,-74.07988064
BRONX,46,40.847041,-73.92274
BROOKLYN,67,40.65080714,-73.94957212
BRONX,41,40.809069,-73.882662
BRONX,48,40.84354,-73.89126
QUEENS,105,40.726603,-73.715424
QUEENS,111,40.748212,-73.756251
BRONX,48,40.844079,-73.889286
MANHATTAN,18,40.758966,-73.981115
BROOKLYN,62,40.61261622,-74.0008428
BROOKLYN,78,40.685144,-73.977462
QUEENS,102,40.690271,-73.859997
BROOKLYN,75,40.687698,-73.872978
MANHATTAN,18,40.759913,-73.986291
QUEENS,116,40.675666,-73.739089
BROOKLYN,66,40.635628,-73.982534
MANHATTAN,18,40.75940559,-73.98510289
QUEENS,103,40.708983,-73.794145
BROOKLYN,75,40.644225,-73.882088
BROOKLYN,83,40.70219178,-73.92833743
QUEENS,105,40.751479,-73.713251
QUEENS,106,40.649975,-73.837597
BROOKLYN,72,40.64590977,-74.01316008
BRONX,40,40.805708,-73.926853
BRONX,46,40.846177,-73.918682
MANHATTAN,17,40.760461,-73.96592
MANHATTAN,10,40.749584,-74.004655
BROOKLYN,69,40.635775,-73.906007
MANHATTAN,28,40.807362,-73.949511
MANHATTAN,25,40.80949653,-73.93580791
BROOKLYN,70,40.62289401,-73.96001102
BROOKLYN,63,40.620639,-73.91933
QUEENS,112,40.726524,-73.860696
QUEENS,112,40.726081,-73.858347
QUEENS,102,40.69198,-73.814875
QUEENS,115,40.761849,-73.864902
QUEENS,111,40.749927,-73.770735
BRONX,44,40.84246447,-73.92413483
MANHATTAN,9,40.726379,-73.978722
BROOKLYN,83,40.693044,-73.928276
MANHATTAN,14,40.749118,-73.99014
BROOKLYN,68,40.637709,-74.034861
MANHATTAN,23,40.795815,-73.9371
BROOKLYN,66,40.639304,-73.998432
QUEENS,103,40.708724,-73.784674
BROOKLYN,68,40.631346,-74.015037
MANHATTAN,9,40.733989,-73.989887
QUEENS,104,40.701955,-73.905006
QUEENS,109,40.75989506,-73.82393339
BROOKLYN,67,40.642994,-73.934291
MANHATTAN,1,40.711466,-74.012218
BROOKLYN,79,40.687401,-73.940369
MANHATTAN,5,40.718704,-74.000904
QUEENS,103,40.708099,-73.801469
QUEENS,115,40.75117,-73.871951
MANHATTAN,18,40.759872,-73.982309
BROOKLYN,90,40.71296452,-73.92760442
MANHATTAN,6,40.729142,-74.007033
BRONX,42,40.8363,-73.888411
STATEN ISLAND,121,40.6231883776008,-74.1492376947323
QUEENS,101,40.59527,-73.756726
QUEENS,114,40.760155,-73.918045
BRONX,44,40.840628,-73.924385
BROOKLYN,61,40.600276,-73.943355
QUEENS,102,40.70000932,-73.83088612
BROOKLYN,69,40.63917161,-73.91603184
BRONX,42,40.83737082,-73.88776673
BROOKLYN,88,40.690835,-73.965395
QUEENS,115,40.749799,-73.893793
BROOKLYN,75,40.67274306,-73.89899209
BROOKLYN,72,40.638466,-74.019067
QUEENS,100,40.585039,-73.819862
STATEN ISLAND,121,40.575324,-74.169839
BROOKLYN,84,40.687151,-73.983317
BRONX,44,40.83787505,-73.91969855
(null),18,40.762354,-73.976528
BROOKLYN,83,40.692907,-73.914035
MANHATTAN,25,40.802091,-73.937
MANHATTAN,1,40.714965,-74.005655
BROOKLYN,73,40.672061,-73.916901
BROOKLYN,75,40.668059,-73.898748
BROOKLYN,67,40.637864,-73.941409
BROOKLYN,75,40.652939,-73.885902
BROOKLYN,71,40.660005,-73.961188
QUEENS,116,40.663468,-73.76848
QUEENS,109,40.79563415,-73.82561219
(null),9,40.729243,-73.979696
BRONX,44,40.84006,-73.913743
QUEENS,114,40.75917,-73.9194
MANHATTAN,14,40.75031835,-73.99111059
BROOKLYN,75,40.672491,-73.887452
QUEENS,110,40.748289,-73.863437
QUEENS,104,40.728776,-73.901748
BRONX,44,40.84093032,-73.91269797
BRONX,44,40.84017612,-73.92526864
BROOKLYN,72,40.638826,-74.015065
STATEN ISLAND,122,40.594884,-74.106814
MANHATTAN,25,40.803234,-73.934698
QUEENS,107,40.726419,-73.785531
BROOKLYN,75,40.661984,-73.88027
BROOKLYN,71,40.663963,-73.950192
BROOKLYN,62,40.613192,-73.973828
BRONX,45,40.837394,-73.835515
BROOKLYN,72,40.645362,-74.004684
MANHATTAN,24,40.795599,-73.972965
QUEENS,111,40.762066,-73.787737
BROOKLYN,70,40.642807,-73.95596
STATEN ISLAND,121,40.631562,-74.146781
MANHATTAN,7,40.713385,-73.982369
MANHATTAN,6,40.731519,-74.004008
MANHATTAN,24,40.80325,-73.968345
BROOKLYN,90,40.709961,-73.957583
BROOKLYN,83,40.688937,-73.919106
QUEENS,105,40.710336,-73.745338
BROOKLYN,73,40.67354153,-73.91953951
QUEENS,101,40.599503,-73.747963
BROOKLYN,67,40.65352238,-73.91014296
QUEENS,105,40.729363,-73.734043
BRONX,44,40.83572429,-73.92128399
QUEENS,113,40.688872,-73.792267
MANHATTAN,14,40.747044,-73.987128
QUEENS,115,40.760773,-73.871577
QUEENS,112,40.73011735,-73.86231192
QUEENS,108,40.747159,-73.910879
(null),24,40.79762,-73.964068
BROOKLYN,61,40.576137,-73.948937
BROOKLYN,71,40.65504783,-73.95630123
BROOKLYN,62,40.59792537,-73.98719146
MANHATTAN,23,40.79540558,-73.94187457
BROOKLYN,75,40.6763291,-73.86546213
BROOKLYN,68,40.638668,-74.022464
QUEENS,115,40.74684483,-73.89143078
QUEENS,110,40.747108,-73.883842
QUEENS,114,40.759241,-73.908841
MANHATTAN,24,40.797567,-73.96781
BRONX,45,40.838398,-73.835339
QUEENS,107,40.72691149,-73.8069118
QUEENS,107,40.721377,-73.820848
BROOKLYN,81,40.693196,-73.935592
BROOKLYN,68,40.6159936,-74.03112773
BROOKLYN,75,40.667602,-73.876864
BRONX,48,40.839355,-73.88921
QUEENS,113,40.689472,-73.7498
MANHATTAN,14,40.75580739,-73.98640311
MANHATTAN,23,40.795857,-73.947872
QUEENS,109,40.747157,-73.83006
BROOKLYN,75,40.686322,-73.873022
BROOKLYN,73,40.6711300016904,-73.9135020552048
BRONX,43,40.836287,-73.859569
MANHATTAN,14,40.744294,-73.984435
BRONX,44,40.83682,-73.921301
BRONX,44,40.839725,-73.916363
MANHATTAN,5,40.721834,-73.991945
BRONX,44,40.840141,-73.925863
BROOKLYN,75,40.690148,-73.86784
BROOKLYN,70,40.632429,-73.947224
BROOKLYN,77,40.676027,-73.948532
BRONX,43,40.83713,-73.867194
MANHATTAN,1,40.702741,-74.014203
MANHATTAN,18,40.762157,-73.995494
BROOKLYN,83,40.690869,-73.908421
MANHATTAN,22,40.796922,-73.95687
BROOKLYN,69,40.63295361,-73.90415032
BROOKLYN,75,40.678663,-73.877144
BRONX,42,40.8385042,-73.90597919
BROOKLYN,78,40.675482,-73.984452
QUEENS,109,40.74625,-73.828177
MANHATTAN,23,40.798959,-73.944552
BRONX,45,40.836537,-73.846998
BROOKLYN,83,40.701305,-73.916335
MANHATTAN,33,40.83579313,-73.93988783
STATEN ISLAND,121,40.604401,-74.161167
QUEENS,104,40.700782,-73.898849
BROOKLYN,67,40.638881,-73.943939
BRONX,45,40.836137,-73.837551
QUEENS,116,40.67789851,-73.75135952
BROOKLYN,90,40.701485,-73.944421
MANHATTAN,23,40.795104,-73.94315
QUEENS,103,40.713414,-73.762078
MANHATTAN,9,40.723802,-73.979071
MANHATTAN,25,40.800485,-73.935146
BROOKLYN,60,40.579162,-74.000371
BRONX,42,40.832356,-73.898546
QUEENS,107,40.72062079,-73.81375556
BROOKLYN,77,40.66879784,-73.93112014
QUEENS,108,40.744794,-73.925016
BRONX,43,40.833827,-73.867774
BROOKLYN,68,40.629414,-74.024162
QUEENS,110,40.745776,-73.890277
MANHATTAN,33,40.834619,-73.946135
QUEENS,103,40.702097,-73.779869
BROOKLYN,68,40.6388651705916,-74.0227120876572
BRONX,43,40.833953,-73.876134
STATEN ISLAND,121,40.601735,-74.192703
QUEENS,102,40.703675,-73.82531
MANHATTAN,25,40.795667,-73.935663
MANHATTAN,1,40.712902,-74.008462
MANHATTAN,25,40.80210401,-73.93407767
BRONX,44,40.831438,-73.920163
STATEN ISLAND,121,40.594345,-74.186962
QUEENS,108,40.7441674,-73.91247832
BRONX,42,40.830313,-73.898712
MANHATTAN,1,40.723127,-74.002579
BROOKLYN,62,40.602985,-73.990923
QUEENS,105,40.690076,-73.732655
BROOKLYN,75,40.685966,-73.87385
BRONX,42,40.83130042,-73.90073162
QUEENS,108,40.74024,-73.894696
QUEENS,111,40.760331,-73.788854
BRONX,42,40.83204819,-73.8958702
MANHATTAN,18,40.75919967,-73.98461925
MANHATTAN,24,40.801435,-73.964989
BROOKLYN,73,40.660677,-73.910859
BRONX,44,40.8311297,-73.9174446
MANHATTAN,14,40.746824,-73.984698
BRONX,44,40.83774442,-73.91738218
BROOKLYN,67,40.65279589,-73.9468749
MANHATTAN,5,40.721294,-73.993663
BRONX,44,40.833118,-73.909158
BRONX,42,40.833131,-73.8958
BRONX,43,40.830443,-73.87135
BROOKLYN,61,40.600631,-73.950589
QUEENS,113,40.693232,-73.749118
BROOKLYN,67,40.662519,-73.927012
BRONX,44,40.832609,-73.929565
BROOKLYN,72,40.645955,-74.009446
BROOKLYN,72,40.64478976,-74.01432378
BRONX,48,40.850939,-73.89229
BROOKLYN,67,40.643522,-73.944434
MANHATTAN,9,40.723168,-73.984126
MANHATTAN,9,40.721184,-73.97942
BROOKLYN,84,40.69372139,-73.99045462
QUEENS,113,40.695965,-73.762339
MANHATTAN,1,40.723441,-74.006176
BRONX,44,40.832237,-73.918589
BROOKLYN,75,40.671104,-73.878143
BROOKLYN,66,40.637658,-74.005523
QUEENS,108,40.74530809,-73.9075218
QUEENS,115,40.75718265,-73.85501882
BROOKLYN,75,40.678461,-73.878064
BRONX,43,40.834785,-73.859536
BROOKLYN,73,40.677293,-73.906521
MANHATTAN,30,40.83276591,-73.94582417
BROOKLYN,83,40.694504,-73.93083
BROOKLYN,78,40.668146,-73.978894
BROOKLYN,88,40.68309,-73.968862
QUEENS,106,40.684595,-73.827171
QUEENS,111,40.747531,-73.758396
QUEENS,115,40.757497,-73.867018
MANHATTAN,33,40.83472,-73.942544
BROOKLYN,63,40.59651127,-73.90787551
BROOKLYN,66,40.634794,-73.973882
MANHATTAN,25,40.802139,-73.939059
MANHATTAN,23,40.793955,-73.951358
BRONX,44,40.830346,-73.92327418
QUEENS,113,40.692506,-73.761925
QUEENS,104,40.706141,-73.896759
QUEENS,109,40.75552303,-73.83339814
MANHATTAN,28,40.79883293,-73.95201714
BRONX,42,40.830206,-73.901543
BRONX,44,40.84390818,-73.92412957
BROOKLYN,63,40.616224,-73.90219
BROOKLYN,94,40.723181,-73.940273
BROOKLYN,73,40.671524,-73.911202
MANHATTAN,20,40.786111,-73.978297
BROOKLYN,88,40.694619,-73.964252
MANHATTAN,33,40.83462,-73.940358
MANHATTAN,19,40.7828,-73.949628
BRONX,42,40.83273354,-73.89801202
MANHATTAN,20,40.783862,-73.975954
MANHATTAN,20,40.7842519786623,-73.9748976664227
BROOKLYN,83,40.699307,-73.927292
BRONX,44,40.835154,-73.917087
MANHATTAN,19,40.78278935,-73.95740539
BRONX,44,40.832435,-73.910069
BRONX,42,40.834494,-73.897531
QUEENS,102,40.707981,-73.830966
QUEENS,116,40.639726,-73.742493
STATEN ISLAND,122,40.575834,-74.111888
MANHATTAN,23,40.789802,-73.95229
BROOKLYN,73,40.667316,-73.917939
BROOKLYN,77,40.67065802,-73.95797447
BROOKLYN,62,40.6135535,-73.98174977
QUEENS,115,40.753549,-73.877424
QUEENS,109,40.78338,-73.792629
BROOKLYN,62,40.604053,-74.000049
QUEENS,110,40.744944,-73.855782
QUEENS,110,40.743992,-73.858083
QUEENS,108,40.745454,-73.896156
BROOKLYN,70,40.64485232,-73.96001588
BRONX,44,40.825844,-73.925919
MANHATTAN,24,40.791291,-73.977561
QUEENS,109,40.78455,-73.845795
BRONX,43,40.828875,-73.865668
MANHATTAN,23,40.788374,-73.945059
MANHATTAN,26,40.812379,-73.953338
QUEENS,106,40.674323,-73.813886
BROOKLYN,69,40.6317,-73.889634
BROOKLYN,72,40.643556,-74.01378
MANHATTAN,5,40.720351,-73.996435
QUEENS,102,40.6911735,-73.86367968
BROOKLYN,75,40.66795458,-73.87006423
QUEENS,106,40.67839,-73.811276
MANHATTAN,19,40.78164,-73.945902
MANHATTAN,5,40.724842,-73.99728
BROOKLYN,75,40.645892,-73.87957
MANHATTAN,30,40.826276,-73.943128
QUEENS,103,40.70523316,-73.80357343
MANHATTAN,10,40.74409901,-73.99564413
BRONX,42,40.829971,-73.902868
BROOKLYN,75,40.668803,-73.88298
BRONX,44,40.825876,-73.919356
BRONX,42,40.827766,-73.889959
MANHATTAN,13,40.745081,-73.994936
MANHATTAN,23,40.788751,-73.948835
MANHATTAN,13,40.74661861,-73.99381421
MANHATTAN,13,40.74332398,-73.98407437
BROOKLYN,75,40.668687,-73.873308
QUEENS,115,40.757665,-73.875326
MANHATTAN,14,40.75543,-73.986523
MANHATTAN,24,40.788667,-73.975234
BROOKLYN,71,40.661996,-73.932453
MANHATTAN,13,40.743707,-73.985923
MANHATTAN,23,40.78916903,-73.95274275
BROOKLYN,66,40.636188,-73.981949
QUEENS,109,40.788741,-73.853143
BROOKLYN,60,40.574818,-74.001206
QUEENS,111,40.757867,-73.784523
BRONX,43,40.82953212,-73.84731985
STATEN ISLAND,120,40.63935,-74.086134
BROOKLYN,84,40.694007,-73.99144
MANHATTAN,9,40.722637,-73.986028
MANHATTAN,32,40.82865,-73.939106
QUEENS,107,40.722766,-73.761166
QUEENS,115,40.756937,-73.862658
BRONX,44,40.825259,-73.925792
QUEENS,110,40.743259,-73.85785
QUEENS,110,40.745939,-73.892164
MANHATTAN,19,40.783425,-73.949162
BROOKLYN,78,40.678738,-73.978893
BROOKLYN,60,40.5928133,-73.97876328
BROOKLYN,79,40.698001,-73.955858
BROOKLYN,61,40.588457,-73.949944
BROOKLYN,63,40.631867,-73.925332
BROOKLYN,90,40.708198,-73.959694
BROOKLYN,75,40.6814,-73.875698
QUEENS,116,40.670918,-73.760324
BROOKLYN,67,40.644113,-73.934898
BROOKLYN,76,40.683549,-73.988495
MANHATTAN,7,40.719963,-73.987949
MANHATTAN,32,40.825594,-73.940553
(null),20,40.783947,-73.97218
BROOKLYN,84,40.695348,-73.993531
BRONX,42,40.828905,-73.903044
QUEENS,103,40.70663261,-73.80658821
BROOKLYN,75,40.668188,-73.875138
BRONX,50,40.904838,-73.907132
BROOKLYN,60,40.58576,-73.986735
MANHATTAN,17,40.7568201683051,-73.9711432633524
BRONX,50,40.885624,-73.914924
BRONX,50,40.884495,-73.905599
QUEENS,114,40.782545,-73.914956
BRONX,42,40.830151,-73.892382
STATEN ISLAND,121,40.611877,-74.161733
BRONX,43,40.826281,-73.854449
MANHATTAN,22,40.79099047,-73.96517545
BROOKLYN,62,40.603988,-73.985619
BRONX,43,40.82691628,-73.87203022
QUEENS,109,40.78702,-73.809121
BRONX,43,40.82937,-73.861964
QUEENS,102,40.691495,-73.837102
BRONX,50,40.87974227,-73.90140785
QUEENS,114,40.755339,-73.94836
MANHATTAN,23,40.793026,-73.942155
BRONX,47,40.8891934,-73.83129818
BROOKLYN,79,40.68578036,-73.95439171
BROOKLYN,71,40.660706,-73.941214
BRONX,42,40.829904,-73.897372
BROOKLYN,88,40.689425,-73.981203
BROOKLYN,79,40.678247,-73.945536
QUEENS,100,40.586414,-73.80527
MANHATTAN,23,40.792876,-73.9408
QUEENS,113,40.682745,-73.795941
QUEENS,116,40.66796306,-73.77154341
QUEENS,115,40.756979,-73.856549
MANHATTAN,24,40.79028,-73.971272
BROOKLYN,83,40.697864,-73.930613
BROOKLYN,68,40.624673,-74.027587
BROOKLYN,76,40.686441,-73.995068
BROOKLYN,94,40.716581,-73.960153
BRONX,47,40.901637,-73.840781
BROOKLYN,88,40.685468,-73.974764
BRONX,52,40.88485846,-73.87847176
MANHATTAN,7,40.718883,-73.982205
MANHATTAN,32,40.82417,-73.939096
BRONX,47,40.897396,-73.848234
BRONX,44,40.822631,-73.930944
BROOKLYN,69,40.6425,-73.899372
BRONX,40,40.813511,-73.917679
BRONX,41,40.824747,-73.898855
BRONX,50,40.881292,-73.905143
BRONX,47,40.895215,-73.854853
MANHATTAN,7,40.715709,-73.979173
QUEENS,107,40.714685,-73.793306
QUEENS,101,40.597782,-73.762456
MANHATTAN,13,40.739179,-73.983946
QUEENS,107,40.717817,-73.816651
MANHATTAN,20,40.771688,-73.980908
BRONX,41,40.823222,-73.889018
BRONX,47,40.898886,-73.852834
QUEENS,113,40.69446947,-73.7814633
BROOKLYN,75,40.688334,-73.876196
QUEENS,107,40.720741,-73.810779
BRONX,45,40.823665,-73.836408
MANHATTAN,24,40.792958,-73.965605
BROOKLYN,81,40.69369298,-73.9312026
MANHATTAN,20,40.775519,-73.97833
QUEENS,111,40.755513,-73.773097
QUEENS,107,40.717715,-73.777003
BROOKLYN,70,40.632117,-73.967165
QUEENS,114,40.757834,-73.919932
BRONX,47,40.891964,-73.860461
QUEENS,107,40.738534,-73.814102
BRONX,47,40.880123,-73.849747
MANHATTAN,20,40.770119,-73.982987
QUEENS,111,40.740433,-73.759553
STATEN ISLAND,120,40.623141,-74.082847
MANHATTAN,19,40.770262,-73.95576
BRONX,47,40.881169,-73.867592
BRONX,50,40.889187,-73.904598
QUEENS,106,40.684246,-73.83242
MANHATTAN,20,40.772497,-73.982187
BROOKLYN,79,40.684931,-73.955326
BRONX,47,40.883907,-73.849508
QUEENS,101,40.605847,-73.754898
QUEENS,106,40.673938,-73.823712
QUEENS,114,40.769381,-73.907627
BRONX,47,40.87955,-73.83362
BROOKLYN,76,40.67908936,-74.00343947
QUEENS,103,40.707643,-73.760203
STATEN ISLAND,122,40.569629,-74.108186
BROOKLYN,75,40.682147,-73.873861
BROOKLYN,77,40.670461,-73.95323
BROOKLYN,83,40.688871,-73.910969
BRONX,47,40.88845645,-73.84196203
BRONX,47,40.88479,-73.830979
QUEENS,110,40.740132,-73.855456
BRONX,47,40.897447,-73.855745
BRONX,47,40.883099,-73.841723
QUEENS,114,40.771454,-73.932259
STATEN ISLAND,120,40.64757357,-74.08742379
MANHATTAN,30,40.82273755,-73.94762082
BRONX,47,40.893904,-73.8561
BRONX,47,40.8835756,-73.86280418
BRONX,50,40.869885,-73.901793
MANHATTAN,5,40.718725,-73.992185
QUEENS,101,40.593658,-73.775905
MANHATTAN,34,40.870701,-73.914353
BROOKLYN,62,40.591454,-73.99156
BRONX,41,40.822891,-73.895373
BRONX,52,40.87249398,-73.88146294
STATEN ISLAND,120,40.622044,-74.082563
QUEENS,103,40.706079,-73.800815
BROOKLYN,90,40.706189,-73.960469
BROOKLYN,70,40.63288559,-73.94769778
BRONX,47,40.897972,-73.853026
MANHATTAN,30,40.820628,-73.956302
QUEENS,114,40.757093,-73.941843
MANHATTAN,19,40.778824,-73.945016
BRONX,52,40.87447742,-73.8916346
BRONX,52,40.86912,-73.897741
MANHATTAN,19,40.776703,-73.951058
BROOKLYN,70,40.638544,-73.958821
BROOKLYN,84,40.695659,-73.990066
MANHATTAN,13,40.74064366,-73.97579677
BRONX,47,40.873876,-73.861309
STATEN ISLAND,121,40.610785,-74.147825
QUEENS,106,40.664504,-73.846282
QUEENS,114,40.774195,-73.920053
BRONX,47,40.877556,-73.848768
BRONX,50,40.873953,-73.908789
QUEENS,102,40.687541,-73.830517
BRONX,42,40.821912,-73.903468
BROOKLYN,63,40.62441,-73.932312
BROOKLYN,90,40.70976,-73.950917
BROOKLYN,66,40.646543,-73.977057
QUEENS,105,40.68622,-73.732653
BRONX,52,40.87394,-73.884917
BRONX,47,40.878055,-73.859102
BRONX,50,40.875976,-73.910476
MANHATTAN,19,40.779843,-73.95534
BRONX,50,40.878018,-73.905438
BRONX,43,40.8222646,-73.84563115
BRONX,47,40.872421,-73.855546
BRONX,45,40.869113,-73.823836
QUEENS,109,40.771459,-73.802138
QUEENS,103,40.70403306,-73.79379204
MANHATTAN,30,40.822339,-73.953446
BRONX,47,40.870239,-73.83698
BRONX,47,40.873784,-73.866135
MANHATTAN,18,40.76403285,-73.98247023
QUEENS,102,40.70010799,-73.83266746
QUEENS,110,40.742231,-73.868708
QUEENS,110,40.741459,-73.884339
BRONX,47,40.879081,-73.867624
BROOKLYN,94,40.717016,-73.938153
QUEENS,114,40.764748,-73.90334
MANHATTAN,18,40.755727,-73.979255
BRONX,52,40.874332,-73.879344
BRONX,52,40.87490001,-73.88042449
QUEENS,114,40.757459,-73.919133
BRONX,52,40.876105,-73.87805
QUEENS,109,40.771978,-73.800989
BRONX,47,40.872381,-73.869325
BRONX,49,40.869408,-73.850424
BRONX,52,40.870138,-73.882399
QUEENS,100,40.5874,-73.812604
BROOKLYN,70,40.617566,-73.958514
BROOKLYN,81,40.688006,-73.919437
BRONX,47,40.87919635,-73.86158372
BROOKLYN,67,40.64642,-73.92833
BROOKLYN,60,40.577192,-74.000571
MANHATTAN,13,40.740159,-73.994807
BRONX,47,40.871374,-73.862863
BROOKLYN,62,40.60881426,-73.97299575
BROOKLYN,61,40.60031908,-73.94289066
BROOKLYN,68,40.630477,-74.005821
MANHATTAN,20,40.777618,-73.98235
BROOKLYN,70,40.642738,-73.957032
QUEENS,110,40.742117,-73.881443
QUEENS,107,40.71802164,-73.80232003
QUEENS,112,40.716838,-73.841533
BROOKLYN,67,40.649781,-73.914046
QUEENS,112,40.732629,-73.866096
QUEENS,111,40.754709,-73.777472
MANHATTAN,14,40.75355378,-73.98504284
BRONX,45,40.821087,-73.819571
BROOKLYN,68,40.615081,-74.031732
MANHATTAN,20,40.779336,-73.979255
BRONX,44,40.81856005,-73.92731612
BROOKLYN,73,40.659422,-73.913935
QUEENS,103,40.708287,-73.757518
BRONX,49,40.864193,-73.853869
BROOKLYN,61,40.601564,-73.942106
BRONX,52,40.867902,-73.895639
BRONX,49,40.864332,-73.869321
BROOKLYN,94,40.71783501,-73.95772467
QUEENS,113,40.676951,-73.771371
BRONX,52,40.864529,-73.907642
MANHATTAN,20,40.777817,-73.988729
BRONX,41,40.820284,-73.896007
BRONX,49,40.864331,-73.866379
BRONX,52,40.868259,-73.89272
MANHATTAN,7,40.717671,-73.99047
BROOKLYN,69,40.655958,-73.899212
BROOKLYN,67,40.65513275,-73.91633251
MANHATTAN,34,40.864953,-73.925503
MANHATTAN,34,40.86900042,-73.920319
BRONX,40,40.817609,-73.91908
BRONX,52,40.865564,-73.889636
BROOKLYN,81,40.68034,-73.930039
QUEENS,109,40.74274011,-73.83109884
STATEN ISLAND,121,40.591582,-74.153515
MANHATTAN,19,40.772678,-73.95952
MANHATTAN,6,40.732426,-74.010112
QUEENS,113,40.683079,-73.787699
BROOKLYN,79,40.685663,-73.955473
STATEN ISLAND,120,40.61111,-74.122865
QUEENS,115,40.754652,-73.885204
QUEENS,107,40.714921,-73.796158
QUEENS,110,40.741726,-73.860902
BROOKLYN,90,40.706761,-73.949302
BROOKLYN,68,40.636112,-74.025894
MANHATTAN,34,40.865723,-73.923442
BRONX,40,40.81969376,-73.90160159
BRONX,49,40.865549,-73.861969
BROOKLYN,94,40.718104,-73.940383
BRONX,40,40.81955109,-73.90166322
BROOKLYN,90,40.704127,-73.942676
QUEENS,115,40.77153755,-73.87608995
QUEENS,114,40.779699,-73.913329
QUEENS,103,40.704478,-73.799603
STATEN ISLAND,122,40.559521,-74.111858
BRONX,52,40.867309,-73.903376
MANHATTAN,17,40.755639,-73.966425
QUEENS,114,40.772219,-73.922184
BRONX,40,40.816093,-73.908485
BRONX,52,40.867502,-73.894799
BRONX,52,40.861569,-73.908519
BRONX,50,40.871118,-73.89853
BROOKLYN,81,40.67837699,-73.92649188
BRONX,49,40.865317,-73.848614
BROOKLYN,84,40.68609,-73.986776
BRONX,41,40.81724489,-73.89778647
BRONX,40,40.81856005,-73.92731612
QUEENS,113,40.680413,-73.768172
BROOKLYN,73,40.68067671,-73.91402905
BROOKLYN,79,40.695791,-73.939095
BROOKLYN,75,40.664,-73.860479
BROOKLYN,67,40.657588,-73.929055
MANHATTAN,19,40.772399,-73.949708
QUEENS,108,40.742559,-73.903185
BROOKLYN,75,40.669875,-73.881122
BRONX,52,40.864181,-73.897165
MANHATTAN,34,40.86769182,-73.92121361
MANHATTAN,20,40.773343,-73.988124
BROOKLYN,61,40.591007,-73.962775
MANHATTAN,32,40.819417,-73.940705
MANHATTAN,10,40.742582,-74.004194
MANHATTAN,32,40.81851121,-73.93764539
QUEENS,109,40.754928,-73.800956
QUEENS,106,40.659016,-73.834997
QUEENS,115,40.76482801,-73.86984636
QUEENS,101,40.595119,-73.78408
MANHATTAN,34,40.86811349,-73.91975242
BROOKLYN,83,40.702937,-73.927617
BRONX,52,40.863311,-73.891224
MANHATTAN,18,40.764775,-73.986157
QUEENS,113,40.698767,-73.755125
QUEENS,109,40.75425225,-73.8278248
BROOKLYN,75,40.659867,-73.885186
QUEENS,109,40.77289,-73.805581
BROOKLYN,73,40.667575,-73.907295
BROOKLYN,79,40.694727,-73.941829
BRONX,48,40.860358,-73.892155
BROOKLYN,67,40.653782,-73.931108
BROOKLYN,90,40.705531,-73.947124
QUEENS,116,40.668635,-73.730836
QUEENS,107,40.715991,-73.773315
MANHATTAN,18,40.762664,-73.982124
MANHATTAN,14,40.756844,-73.993792
QUEENS,113,40.68580733,-73.77314811
MANHATTAN,34,40.855896,-73.92802
QUEENS,114,40.76727,-73.920532
STATEN ISLAND,120,40.622935,-74.078734
BROOKLYN,61,40.595766,-73.942497
BRONX,49,40.855567,-73.866661
MANHATTAN,5,40.71814453,-73.99382768
BROOKLYN,94,40.717637,-73.947926
BROOKLYN,70,40.617587,-73.952854
QUEENS,106,40.68250239,-73.8213038
MANHATTAN,5,40.7160120119955,-73.9973320301008
BROOKLYN,81,40.678053,-73.920418
QUEENS,104,40.71424,-73.901049
MANHATTAN,18,40.76432287,-73.97719604
BROOKLYN,78,40.675583,-73.989035
MANHATTAN,34,40.847116,-73.93258
BRONX,47,40.876544,-73.853176
BROOKLYN,77,40.67731,-73.954078
QUEENS,115,40.752819,-73.874922
BROOKLYN,73,40.659279,-73.909528
QUEENS,101,40.595181,-73.755004
QUEENS,105,40.703657,-73.743572
BROOKLYN,61,40.597157,-73.961904
BRONX,41,40.816564,-73.898498
MANHATTAN,18,40.768919,-73.984992
BROOKLYN,73,40.655787,-73.905263
QUEENS,111,40.763813,-73.779183
MANHATTAN,1,40.714616,-74.011445
QUEENS,103,40.70273871,-73.80228601
QUEENS,114,40.754987,-73.928849
BROOKLYN,79,40.688947,-73.946476
STATEN ISLAND,120,40.647127,-74.08818
BROOKLYN,68,40.62368257,-74.02799009
MANHATTAN,18,40.762638,-73.974214
BRONX,40,40.817711,-73.915397
BRONX,52,40.85937287,-73.90679562
BROOKLYN,62,40.615081,-73.992626
QUEENS,101,40.596462,-73.772465
MANHATTAN,34,40.8589127,-73.92295925
MANHATTAN,7,40.7163099917327,-73.9831660136947
QUEENS,115,40.752083,-73.891369
STATEN ISLAND,120,40.62016061,-74.07695609
BRONX,52,40.85836868,-73.90390861
QUEENS,114,40.762936,-73.914677
BROOKLYN,69,40.643866,-73.888761
QUEENS,106,40.680631,-73.837284
BROOKLYN,62,40.603379,-73.992329
MANHATTAN,6,40.735035,-73.991236
BRONX,49,40.858727,-73.866557
QUEENS,104,40.703711,-73.907971
BRONX,43,40.81730883,-73.84448293
QUEENS,114,40.754097,-73.94083
BROOKLYN,67,40.655865,-73.94288
BROOKLYN,83,40.697519,-73.936199
MANHATTAN,26,40.817952,-73.951706
BRONX,46,40.859191,-73.900678
BRONX,46,40.857955,-73.907206
BROOKLYN,79,40.679395,-73.944983
QUEENS,107,40.735442,-73.787148
QUEENS,107,40.713613,-73.784262
QUEENS,103,40.69616874,-73.80449088
QUEENS,116,40.674926,-73.745411
BROOKLYN,62,40.616987,-74.001926
BROOKLYN,67,40.645843,-73.919415
BROOKLYN,67,40.662487,-73.924517
QUEENS,103,40.70334171,-73.80020318
QUEENS,114,40.763393,-73.937526
MANHATTAN,14,40.755102,-73.979711
BROOKLYN,70,40.637672,-73.952055
STATEN ISLAND,120,40.62082693,-74.08189183
BRONX,45,40.813397,-73.825966
QUEENS,111,40.752914,-73.778213
BROOKLYN,75,40.656765,-73.897769
MANHATTAN,19,40.765188,-73.971299
BROOKLYN,67,40.657058,-73.91771
STATEN ISLAND,123,40.515011,-74.247719
STATEN ISLAND,122,40.599398,-74.062382
BRONX,40,40.81373142,-73.92208672
QUEENS,101,40.60478281,-73.75399789
BRONX,40,40.815311,-73.919036
BRONX,46,40.85604676,-73.90077783
BRONX,49,40.860449,-73.858801
BRONX,46,40.85638795,-73.9017642
BROOKLYN,81,40.67771561,-73.93585904
QUEENS,107,40.732062,-73.813348
BROOKLYN,72,40.638428,-74.008309
MANHATTAN,34,40.859169,-73.92649
QUEENS,103,40.702705,-73.809285
BROOKLYN,63,40.609913,-73.903822
BROOKLYN,68,40.624375,-74.004995
BRONX,43,40.819277,-73.854391
BROOKLYN,69,40.632375,-73.907228
QUEENS,115,40.76619,-73.888716
BROOKLYN,75,40.669455,-73.899103
MANHATTAN,34,40.853427,-73.927967
STATEN ISLAND,122,40.561515,-74.106912
BROOKLYN,73,40.666748,-73.920733
BRONX,48,40.85712847,-73.88079263
MANHATTAN,34,40.8534,-73.929844
BRONX,49,40.858754,-73.867711
BROOKLYN,88,40.695069,-73.980741
MANHATTAN,14,40.75351578,-73.98878575
BROOKLYN,75,40.68192898,-73.87071484
BRONX,46,40.860085,-73.89363
QUEENS,107,40.7096764,-73.82002622
QUEENS,106,40.655213,-73.849525
QUEENS,109,40.754141,-73.831688
STATEN ISLAND,123,40.547159,-74.174007
BROOKLYN,75,40.658846,-73.880597
BRONX,46,40.85513904,-73.90835956
MANHATTAN,34,40.85716773,-73.9282319
BRONX,40,40.815103,-73.920961
BROOKLYN,79,40.68180404,-73.94986235
BROOKLYN,84,40.69619701,-73.98876293
BROOKLYN,84,40.688489,-73.983782
BROOKLYN,66,40.64059922,-73.9943321
BROOKLYN,73,40.660954,-73.903618
BROOKLYN,88,40.69577,-73.978254
QUEENS,103,40.701799,-73.808402
BROOKLYN,60,40.577797,-73.965441
QUEENS,103,40.702896,-73.797771
MANHATTAN,32,40.812122,-73.947893
BRONX,48,40.848488,-73.895263
BROOKLYN,70,40.631473,-73.959668
BROOKLYN,60,40.57530379,-73.97659102
BRONX,40,40.811515,-73.922607
QUEENS,112,40.710144,-73.859598
BROOKLYN,62,40.59570279,-74.00027726
QUEENS,103,40.691786,-73.798155
MANHATTAN,18,40.765304,-73.979511
MANHATTAN,26,40.814458,-73.959196
QUEENS,113,40.680246,-73.772072
BROOKLYN,83,40.694098,-73.930108
BROOKLYN,60,40.5758019,-73.96113714
BROOKLYN,71,40.655986,-73.954722
QUEENS,113,40.682727,-73.803017
BROOKLYN,73,40.661503,-73.907662
QUEENS,107,40.732927,-73.81486
QUEENS,101,40.601049,-73.751124
BRONX,46,40.852254,-73.92227
BROOKLYN,67,40.653292,-73.909877
BRONX,49,40.849027,-73.864623
BROOKLYN,90,40.7104315,-73.94877315
MANHATTAN,14,40.75338726,-73.99630403
BROOKLYN,84,40.693812,-73.998776
QUEENS,103,40.69239,-73.809308
BROOKLYN,60,40.5798042,-73.97183389
MANHATTAN,18,40.769048,-73.990473
QUEENS,101,40.602292,-73.752764
BRONX,46,40.853045,-73.910274
MANHATTAN,34,40.84992094,-73.93147116
MANHATTAN,32,40.814714,-73.942279
BROOKLYN,90,40.7017,-73.943527
QUEENS,115,40.753329,-73.867629
BRONX,46,40.848188,-73.907158
BROOKLYN,70,40.619762,-73.955265
QUEENS,103,40.710898,-73.792535
QUEENS,116,40.679291,-73.751736
STATEN ISLAND,120,40.624705,-74.0805095
QUEENS,106,40.67814,-73.812155
BROOKLYN,61,40.598373,-73.960684
QUEENS,110,40.734487,-73.868014
BROOKLYN,67,40.653525,-73.91883
QUEENS,108,40.753108,-73.908914
STATEN ISLAND,122,40.567341,-74.108789
MANHATTAN,26,40.816058,-73.95432
BROOKLYN,75,40.673224,-73.891381
BROOKLYN,73,40.66452,-73.90656
BROOKLYN,66,40.635309,-73.970081
STATEN ISLAND,120,40.627815,-74.079543
BROOKLYN,61,40.597918,-73.964798
QUEENS,109,40.753763,-73.826327
BRONX,46,40.848312,-73.916894
BRONX,46,40.861064,-73.893449
QUEENS,102,40.699681,-73.832125
BRONX,40,40.813262,-73.907107
QUEENS,101,40.595821,-73.772572
BROOKLYN,79,40.691145,-73.946915
BROOKLYN,72,40.64702977,-74.01199634
BROOKLYN,79,40.69343,-73.959153
MANHATTAN,18,40.767387,-73.980285
BROOKLYN,75,40.66670768,-73.87182213
QUEENS,108,40.74783,-73.942838
BROOKLYN,70,40.618501,-73.955639
MANHATTAN,6,40.73755272,-74.00568697
MANHATTAN,6,40.737555,-74.000417
BRONX,46,40.84809866,-73.90144029
QUEENS,110,40.74821522,-73.87845757
MANHATTAN,25,40.80885452,-73.93626007
MANHATTAN,34,40.8509405,-73.9280685
BRONX,46,40.849672,-73.904327
BROOKLYN,69,40.64178946,-73.91147396
QUEENS,113,40.694331,-73.763511
STATEN ISLAND,120,40.63916082,-74.08739835
BROOKLYN,88,40.688448,-73.963824
BROOKLYN,70,40.64496723,-73.95897801
BRONX,46,40.850789,-73.91945
QUEENS,116,40.679489,-73.75371
MANHATTAN,6,40.737023,-73.997092
MANHATTAN,17,40.751602,-73.972384
MANHATTAN,26,40.8106267,-73.95827262
BROOKLYN,75,40.66151273,-73.87019573
MANHATTAN,1,40.710055,-74.0074
MANHATTAN,18,40.763808,-73.988723
BRONX,46,40.851776,-73.908005
BROOKLYN,68,40.63064,-74.014614
MANHATTAN,18,40.76563,-73.991106
QUEENS,107,40.71018863,-73.82111776
BROOKLYN,71,40.6683,-73.954674
BROOKLYN,70,40.651456,-73.963233
QUEENS,115,40.750855,-73.869388
QUEENS,108,40.72991333,-73.91174657
QUEENS,108,40.749047,-73.90385
MANHATTAN,9,40.731668,-73.989414
BROOKLYN,60,40.577498,-73.979613
QUEENS,102,40.691527,-73.812292
BRONX,40,40.805332,-73.907866
BROOKLYN,66,40.640318,-73.98124
BROOKLYN,77,40.677444,-73.952746
BROOKLYN,90,40.70901509,-73.94853978
QUEENS,103,40.70146005,-73.80412913
BROOKLYN,61,40.59355,-73.959332
BROOKLYN,90,40.713621,-73.967277
BROOKLYN,73,40.661652,-73.90966
BRONX,48,40.852808,-73.881828
BROOKLYN,60,40.58151851,-73.9673331
QUEENS,112,40.712113,-73.845852
BROOKLYN,81,40.680488,-73.925554
BROOKLYN,69,40.63082116,-73.88635596
QUEENS,109,40.747757,-73.827954
MANHATTAN,25,40.80436637,-73.93531799
BROOKLYN,61,40.598336,-73.94535
QUEENS,109,40.759869,-73.828969
MANHATTAN,34,40.849623,-73.931696
BROOKLYN,78,40.677101,-73.983262
BROOKLYN,70,40.643016,-73.963824
MANHATTAN,13,40.731654,-73.982216
BROOKLYN,71,40.663559,-73.933387
QUEENS,104,40.700455,-73.903084
BROOKLYN,71,40.655719,-73.945258
MANHATTAN,18,40.76006,-73.973996
BRONX,48,40.842523,-73.892283
BROOKLYN,70,40.650154,-73.960494
MANHATTAN,32,40.810897,-73.941109
BRONX,43,40.84108685,-73.8644784
BROOKLYN,70,40.63607653,-73.9510893
BROOKLYN,81,40.69149091,-73.9255615
QUEENS,101,40.593865,-73.759927
BROOKLYN,61,40.595269,-73.960987
MANHATTAN,25,40.805405,-73.939842
BROOKLYN,67,40.65241,-73.954338
BROOKLYN,66,40.644383,-73.998534
QUEENS,107,40.729248,-73.81519
BRONX,40,40.80555776,-73.91452156
BROOKLYN,62,40.619829,-73.991325
BRONX,45,40.847238,-73.818271
QUEENS,115,40.74895683,-73.87135711
BRONX,45,40.846335,-73.834383
MANHATTAN,14,40.74978831,-73.98776859
QUEENS,116,40.656867,-73.727991
BROOKLYN,81,40.688466,-73.937635
BRONX,48,40.846782,-73.89246
MANHATTAN,28,40.805821,-73.948776
BROOKLYN,67,40.650986,-73.946192
BRONX,45,40.846815,-73.829972
BRONX,44,40.844219,-73.907612
QUEENS,109,40.762179,-73.813725
QUEENS,111,40.727907,-73.756735
BROOKLYN,68,40.63396152,-74.0147538
BROOKLYN,69,40.639416,-73.905052
STATEN ISLAND,120,40.623898,-74.076573
STATEN ISLAND,121,40.593479,-74.143864
BRONX,45,40.842386,-73.836982
MANHATTAN,17,40.75044,-73.974691
QUEENS,113,40.675008,-73.777531
BRONX,48,40.842573,-73.894741
MANHATTAN,14,40.7491025,-73.99200582
QUEENS,103,40.701985,-73.812764
BROOKLYN,67,40.643473,-73.926569
BRONX,48,40.842186,-73.891007
BRONX,44,40.844174,-73.906713
BRONX,45,40.841519,-73.847121
BRONX,44,40.843388,-73.92479
QUEENS,103,40.692131,-73.809991
BROOKLYN,77,40.673275,-73.93903
BRONX,40,40.80434411,-73.92157034
MANHATTAN,19,40.75915,-73.960845
BROOKLYN,70,40.63911632,-73.95427227
BROOKLYN,72,40.655317,-74.001547
BROOKLYN,62,40.611621,-73.996175
QUEENS,109,40.758566,-73.833074
QUEENS,103,40.71044,-73.775563
QUEENS,112,40.7293028,-73.8628476
MANHATTAN,33,40.84552029,-73.93468523
BROOKLYN,61,40.58738242,-73.95421409
STATEN ISLAND,121,40.637704,-74.13712
BRONX,40,40.81084,-73.927569
QUEENS,110,40.748011,-73.865185
BROOKLYN,61,40.588551,-73.938625
MANHATTAN,20,40.783239,-73.976407
QUEENS,108,40.749079,-73.900139
BROOKLYN,70,40.632902,-73.970698
BROOKLYN,81,40.681686,-73.91835
BROOKLYN,67,40.639484,-73.945449
BRONX,44,40.84136384,-73.92843327
BROOKLYN,69,40.649769,-73.897162
QUEENS,108,40.750711,-73.899896
QUEENS,103,40.692446,-73.806773
MANHATTAN,14,40.749681,-73.987957
QUEENS,107,40.727499,-73.828958
MANHATTAN,14,40.749733,-73.989675
BROOKLYN,61,40.576943,-73.952396
QUEENS,109,40.759344,-73.83344
QUEENS,113,40.691839,-73.761745
QUEENS,110,40.74843794,-73.87625202
BROOKLYN,77,40.677284,-73.942848
QUEENS,110,40.748352,-73.877172
MANHATTAN,33,40.84615296,-73.93232442
BRONX,48,40.845882,-73.886176
QUEENS,103,40.702405,-73.808184
QUEENS,116,40.684464,-73.730026
QUEENS,104,40.708681,-73.896937
MANHATTAN,18,40.76911688,-73.98855929
QUEENS,101,40.60022,-73.742622
QUEENS,110,40.747984,-73.880673
MANHATTAN,14,40.748406,-73.986543
BROOKLYN,83,40.696854,-73.918944
BRONX,49,40.860938,-73.844975
QUEENS,103,40.703382,-73.813748
MANHATTAN,24,40.79762,-73.964068
MANHATTAN,23,40.794398,-73.936587
MANHATTAN,24,40.798796,-73.968774
QUEENS,109,40.759476,-73.823746
QUEENS,106,40.658816,-73.848478
BROOKLYN,70,40.651686,-73.959039
MANHATTAN,33,40.837578,-73.938593
QUEENS,115,40.75154455,-73.8708432
QUEENS,113,40.693314,-73.765825
BROOKLYN,67,40.644527,-73.919931
MANHATTAN,17,40.759278,-73.968266
BRONX,43,40.840019,-73.857324
BROOKLYN,71,40.657566,-73.95489
STATEN ISLAND,120,40.626417,-74.081274
BRONX,42,40.838266,-73.902995
BROOKLYN,68,40.6314641,-74.0277916
QUEENS,107,40.731463,-73.777167
BROOKLYN,66,40.632082,-73.980434
BRONX,43,40.836963,-73.857461
MANHATTAN,25,40.802718,-73.936541
BROOKLYN,67,40.661956,-73.92317
MANHATTAN,6,40.72944749,-74.00517032
BRONX,44,40.839857,-73.922475
QUEENS,104,40.72806,-73.902183
QUEENS,113,40.685325,-73.783631
BROOKLYN,67,40.64513066,-73.94896382
MANHATTAN,24,40.80096643,-73.97101071
BRONX,44,40.839104,-73.924416
BROOKLYN,69,40.641425,-73.904991
QUEENS,114,40.7616387,-73.91019203
BROOKLYN,77,40.678673,-73.958708
BROOKLYN,67,40.654161,-73.911633
BRONX,44,40.838114,-73.91024
MANHATTAN,10,40.761429,-73.999735
QUEENS,103,40.703306,-73.786367
MANHATTAN,25,40.798959,-73.944552
BROOKLYN,75,40.678902,-73.865726
MANHATTAN,18,40.75853695,-73.97720163
QUEENS,111,40.747199,-73.759233
STATEN ISLAND,120,40.624631,-74.082006
STATEN ISLAND,121,40.60469,-74.131673
QUEENS,113,40.691664,-73.786043
QUEENS,103,40.711956,-73.761997
MANHATTAN,18,40.760111,-73.976061
BRONX,43,40.835995,-73.85214
BRONX,48,40.840208,-73.889845
QUEENS,100,40.575686,-73.851786
QUEENS,110,40.746552,-73.877349
BRONX,44,40.839924,-73.917912
BRONX,44,40.837262,-73.924438
BROOKLYN,75,40.646547,-73.880306
MANHATTAN,13,40.744792,-73.993291
MANHATTAN,24,40.796254,-73.973457
BROOKLYN,70,40.632278,-73.955632
MANHATTAN,7,40.711061,-73.991013
BROOKLYN,69,40.635405,-73.90687
BROOKLYN,79,40.691595,-73.958787
BROOKLYN,70,40.645918,-73.958073
BRONX,42,40.835477,-73.903215
QUEENS,110,40.744688,-73.8632
BRONX,44,40.83922489,-73.91508907
MANHATTAN,23,40.794629,-73.949823
MANHATTAN,24,40.79913178,-73.96666287
MANHATTAN,5,40.711838,-73.999191
STATEN ISLAND,121,40.635769,-74.149563
QUEENS,103,40.6996285,-73.80528497
BROOKLYN,70,40.651583,-73.961301
MANHATTAN,33,40.83780341,-73.9421411
BRONX,43,40.839719,-73.85801
BRONX,42,40.839544,-73.885243
QUEENS,103,40.703433,-73.808615
MANHATTAN,7,40.720893,-73.988819
MANHATTAN,9,40.722183,-73.981787
BRONX,44,40.835804,-73.914307
BRONX,43,40.83596882,-73.86999268
BROOKLYN,77,40.670515,-73.929567
MANHATTAN,24,40.799846,-73.964289
MANHATTAN,25,40.798293,-73.940822
QUEENS,116,40.66548871,-73.75234658
BROOKLYN,62,40.619443,-73.989876
QUEENS,105,40.743693,-73.72259
MANHATTAN,25,40.797483,-73.9389
QUEENS,104,40.701713,-73.911793
BRONX,44,40.837501,-73.925514
BRONX,43,40.831242,-73.872012
STATEN ISLAND,120,40.62267618,-74.08292075
QUEENS,103,40.70249589,-73.81301995
MANHATTAN,33,40.832847,-73.943918
BROOKLYN,75,40.655674,-73.887929
BRONX,44,40.83477452,-73.92526386
BROOKLYN,63,40.610031,-73.922166
MANHATTAN,14,40.759767,-73.989812
BROOKLYN,77,40.674682,-73.940296
MANHATTAN,5,40.720397,-73.991834
MANHATTAN,18,40.76099264,-73.99075902
STATEN ISLAND,121,40.62641632,-74.15940964
BROOKLYN,66,40.634631,-73.972451
MANHATTAN,5,40.722336,-73.995188
MANHATTAN,28,40.802659,-73.94712
BROOKLYN,66,40.62633557,-73.97923535
BRONX,44,40.831604,-73.928799
BRONX,43,40.833158,-73.873428
BRONX,43,40.830711,-73.849094
BRONX,44,40.835335,-73.92989
BROOKLYN,77,40.671254,-73.926715
MANHATTAN,33,40.83156784,-73.94298126
MANHATTAN,7,40.721117,-73.987361
BROOKLYN,68,40.61560263,-74.02483504
QUEENS,115,40.757021,-73.881843
BROOKLYN,62,40.62606293,-73.99701716
BROOKLYN,75,40.647789,-73.877279
MANHATTAN,24,40.798813,-73.967832
BROOKLYN,67,40.63715748,-73.93366773
QUEENS,112,40.72016452,-73.84478898
BROOKLYN,62,40.598812,-73.997707
STATEN ISLAND,122,40.572073,-74.112746
BROOKLYN,72,40.66203,-73.994561
BROOKLYN,62,40.611638,-74.009883
BROOKLYN,70,40.638586,-73.94875
BROOKLYN,68,40.63263331,-74.01253418
BROOKLYN,70,40.6305998504358,-73.9737053160275
MANHATTAN,9,40.722522,-73.984599
BRONX,44,40.832845,-73.913342
BROOKLYN,83,40.705452,-73.921048
BRONX,42,40.833239,-73.890223
QUEENS,102,40.69882417,-73.8470025
BROOKLYN,83,40.706215,-73.920864
BROOKLYN,73,40.656413,-73.912211
MANHATTAN,32,40.831229,-73.93575
MANHATTAN,28,40.801546,-73.958423
BRONX,43,40.832551,-73.864117
STATEN ISLAND,120,40.613705,-74.072163
BROOKLYN,72,40.655245,-74.006727
QUEENS,100,40.584205,-73.821329
MANHATTAN,1,40.70955616,-74.00643483
QUEENS,102,40.70896964,-73.84151108
QUEENS,103,40.706528,-73.791996
BROOKLYN,72,40.64959,-74.020006
BROOKLYN,63,40.62122058,-73.90530186
BROOKLYN,88,40.693944,-73.961653
BRONX,44,40.83163579,-73.91893277
BRONX,42,40.834279,-73.887456
BROOKLYN,61,40.592754,-73.940407
QUEENS,110,40.746454,-73.871846
MANHATTAN,25,40.789601,-73.929985
QUEENS,115,40.757751,-73.863262
MANHATTAN,13,40.743513,-73.994226
BRONX,42,40.830338,-73.891831
QUEENS,102,40.694651,-73.840201
QUEENS,106,40.680839,-73.841788
BROOKLYN,73,40.660953,-73.908994
BROOKLYN,75,40.671413,-73.88151
BROOKLYN,61,40.58786043,-73.95526507
QUEENS,105,40.743663,-73.702757
BROOKLYN,61,40.590355,-73.952377
STATEN ISLAND,122,40.537338,-74.14842
MANHATTAN,24,40.792167,-73.969895
BROOKLYN,81,40.679292,-73.929241
BRONX,42,40.831342,-73.90025
BRONX,45,40.832018,-73.830523
QUEENS,102,40.697777,-73.828054
STATEN ISLAND,123,40.540944,-74.206825
BROOKLYN,60,40.582031,-73.986036
BRONX,43,40.83281784,-73.86753794
QUEENS,113,40.667849,-73.799112
BRONX,43,40.830446,-73.853847
QUEENS,108,40.747541,-73.914025
MANHATTAN,14,40.758187,-73.988004
MANHATTAN,10,40.74342389,-73.99984843
BRONX,43,40.826323,-73.867954
BROOKLYN,67,40.65440006,-73.92043116
BROOKLYN,69,40.633548,-73.901071
BROOKLYN,66,40.641572,-73.979196
QUEENS,105,40.723249,-73.755342
BROOKLYN,71,40.66346,-73.942764
BROOKLYN,70,40.64286,-73.958582
BRONX,43,40.827414,-73.877946
MANHATTAN,5,40.721131,-73.994252
BROOKLYN,67,40.646799,-73.951556
BROOKLYN,78,40.671743,-73.972574
QUEENS,111,40.74489,-73.757642
BRONX,41,40.826971,-73.896414
MANHATTAN,5,40.720133,-73.990958
QUEENS,101,40.597637,-73.786588
BROOKLYN,73,40.657391,-73.905666
QUEENS,116,40.674295,-73.743669
BROOKLYN,81,40.691718,-73.92594
BROOKLYN,60,40.58717,-73.971479
BRONX,43,40.825315,-73.870247
QUEENS,109,40.792733,-73.847056
MANHATTAN,20,40.784185,-73.97865
QUEENS,106,40.67654,-73.821622
BRONX,45,40.825906,-73.821328
BROOKLYN,76,40.679109,-73.991508
MANHATTAN,1,40.72323,-73.999212
BROOKLYN,83,40.693402,-73.919407
QUEENS,109,40.785178,-73.783833
BRONX,42,40.825038,-73.908313
QUEENS,112,40.722737,-73.84531
MANHATTAN,30,40.827513,-73.944133
BRONX,42,40.82876324,-73.89639567
BROOKLYN,72,40.657957,-74.000636
QUEENS,101,40.608232,-73.743746
MANHATTAN,20,40.785496,-73.972905
BRONX,42,40.82853332,-73.90346027
BRONX,44,40.831112,-73.91925
QUEENS,115,40.747399,-73.886253
MANHATTAN,23,40.79043,-73.944049
QUEENS,108,40.745529,-73.916327
MANHATTAN,30,40.82844638,-73.94154218
MANHATTAN,20,40.788009,-73.975758
BROOKLYN,61,40.593982,-73.939181
BROOKLYN,75,40.659053,-73.88237
BROOKLYN,79,40.698313,-73.953149
BRONX,45,40.825863,-73.823354
QUEENS,105,40.724554,-73.752635
BROOKLYN,71,40.661302,-73.961154
MANHATTAN,19,40.78388988,-73.9502838
MANHATTAN,20,40.780605,-73.978327
BROOKLYN,62,40.612065,-73.983288
QUEENS,110,40.743796,-73.873859
BROOKLYN,77,40.678956,-73.963989
BROOKLYN,70,40.644751,-73.955217
MANHATTAN,14,40.75540563,-73.97948387
MANHATTAN,23,40.78553,-73.947972
QUEENS,103,40.70460969,-73.79700745
QUEENS,114,40.755442,-73.943422
MANHATTAN,22,40.7824518600123,-73.9658782689495
BROOKLYN,73,40.668825,-73.918808
BRONX,43,40.827114,-73.880738
BROOKLYN,78,40.674155,-73.975679
QUEENS,110,40.739669,-73.864083
QUEENS,115,40.755728,-73.874975
MANHATTAN,30,40.829008,-73.946719
BRONX,42,40.829324,-73.895929
QUEENS,106,40.668351,-73.802642
BRONX,43,40.8284182,-73.86067398
BRONX,44,40.827386,-73.924497
MANHATTAN,9,40.720984,-73.978011
BROOKLYN,90,40.70547235,-73.95023769
MANHATTAN,23,40.789959,-73.945857
MANHATTAN,1,40.72163816,-74.01189072
